,START_DATE,END_DATE,CATEGORY,START,STOP,MILES,PURPOSE,HOUR,DAY,MONTH,DAY_NAME,DAY_OF_WEEK,DURATION
0,2016-01-01 21:11:00,2016-01-01 21:17:00,Business,Fort Pierce,Fort Pierce,5.1,Meal/Entertain,21,1,1,Friday,4,6.0
2,2016-01-02 20:25:00,2016-01-02 20:38:00,Business,Fort Pierce,Fort Pierce,4.8,Errand/Supplies,20,2,1,Saturday,5,13.0
3,2016-01-05 17:31:00,2016-01-05 17:45:00,Business,Fort Pierce,Fort Pierce,4.7,Meeting,17,5,1,Tuesday,1,14.0
4,2016-01-06 14:42:00,2016-01-06 15:49:00,Business,Fort Pierce,West Palm Beach,63.7,Customer Visit,14,6,1,Wednesday,2,67.0
5,2016-01-06 17:15:00,2016-01-06 17:19:00,Business,West Palm Beach,West Palm Beach,4.3,Meal/Entertain,17,6,1,Wednesday,2,4.0
6,2016-01-06 17:30:00,2016-01-06 17:35:00,Business,West Palm Beach,Palm Beach,7.1,Meeting,17,6,1,Wednesday,2,5.0
7,2016-01-07 13:27:00,2016-01-07 13:33:00,Business,Cary,Cary,0.8,Meeting,13,7,1,Thursday,3,6.0
8,2016-01-10 08:05:00,2016-01-10 08:25:00,Business,Cary,Morrisville,8.3,Meeting,8,10,1,Sunday,6,20.0
9,2016-01-10 12:17:00,2016-01-10 12:44:00,Business,Jamaica,New York,16.5,Customer Visit,12,10,1,Sunday,6,27.0
10,2016-01-10 15:08:00,2016-01-10 15:51:00,Business,New York,Queens,10.8,Meeting,15,10,1,Sunday,6,43.0
11,2016-01-10 18:18:00,2016-01-10 18:53:00,Business,Elmhurst,New York,7.5,Meeting,18,10,1,Sunday,6,35.0
12,2016-01-10 19:12:00,2016-01-10 19:32:00,Business,Midtown,East Harlem,6.2,Meeting,19,10,1,Sunday,6,20.0
13,2016-01-11 08:55:00,2016-01-11 09:21:00,Business,East Harlem,NoMad,6.4,Temporary Site,8,11,1,Monday,0,26.0
14,2016-01-11 11:56:00,2016-01-11 12:03:00,Business,Flatiron District,Midtown,1.6,Errand/Supplies,11,11,1,Monday,0,7.0
15,2016-01-11 13:32:00,2016-01-11 13:46:00,Business,Midtown,Midtown East,1.7,Meal/Entertain,13,11,1,Monday,0,14.0
16,2016-01-11 14:30:00,2016-01-11 14:43:00,Business,Midtown East,Midtown,1.9,Meal/Entertain,14,11,1,Monday,0,13.0
17,2016-01-12 12:33:00,2016-01-12 12:49:00,Business,Midtown,Hudson Square,1.9,Meal/Entertain,12,12,1,Tuesday,1,16.0
18,2016-01-12 12:53:00,2016-01-12 13:09:00,Business,Hudson Square,Lower Manhattan,4.0,Meal/Entertain,12,12,1,Tuesday,1,16.0
19,2016-01-12 14:42:00,2016-01-12 14:56:00,Business,Lower Manhattan,Hudson Square,1.8,Errand/Supplies,14,12,1,Tuesday,1,14.0
20,2016-01-12 15:13:00,2016-01-12 15:28:00,Business,Hudson Square,Hell's Kitchen,2.4,Customer Visit,15,12,1,Tuesday,1,15.0
21,2016-01-12 15:42:00,2016-01-12 15:54:00,Business,Hell's Kitchen,Midtown,2.0,Errand/Supplies,15,12,1,Tuesday,1,12.0
22,2016-01-12 16:02:00,2016-01-12 17:00:00,Business,New York,Queens County,15.1,Meeting,16,12,1,Tuesday,1,58.0
23,2016-01-13 13:54:00,2016-01-13 14:07:00,Business,Downtown,Gulfton,11.2,Meeting,13,13,1,Wednesday,2,13.0
24,2016-01-13 15:00:00,2016-01-13 15:28:00,Business,Gulfton,Downtown,11.8,Meeting,15,13,1,Wednesday,2,28.0
25,2016-01-14 16:29:00,2016-01-14 17:05:00,Business,Houston,Houston,21.9,Customer Visit,16,14,1,Thursday,3,36.0
26,2016-01-14 21:39:00,2016-01-14 21:45:00,Business,Eagan Park,Jamestown Court,3.9,Errand/Supplies,21,14,1,Thursday,3,6.0
27,2016-01-15 00:41:00,2016-01-15 01:01:00,Business,Morrisville,Cary,8.0,Errand/Supplies,0,15,1,Friday,4,20.0
28,2016-01-15 11:43:00,2016-01-15 12:03:00,Business,Cary,Durham,10.4,Meal/Entertain,11,15,1,Friday,4,20.0
29,2016-01-15 13:26:00,2016-01-15 13:44:00,Business,Durham,Cary,10.4,Meal/Entertain,13,15,1,Friday,4,18.0
30,2016-01-18 14:55:00,2016-01-18 15:06:00,Business,Cary,Cary,4.8,Meal/Entertain,14,18,1,Monday,0,11.0
31,2016-01-18 16:13:00,2016-01-18 16:24:00,Business,Farmington Woods,Whitebridge,4.7,Meal/Entertain,16,18,1,Monday,0,11.0
33,2016-01-19 10:55:00,2016-01-19 11:09:00,Business,Lake Wellingborough,Whitebridge,7.6,Temporary Site,10,19,1,Tuesday,1,14.0
34,2016-01-20 10:36:00,2016-01-20 11:11:00,Business,Cary,Raleigh,17.1,Meeting,10,20,1,Wednesday,2,35.0
35,2016-01-20 11:48:00,2016-01-20 12:19:00,Business,Fayetteville Street,Umstead,15.1,Meeting,11,20,1,Wednesday,2,31.0
36,2016-01-20 13:25:00,2016-01-20 14:19:00,Business,Raleigh,Cary,40.2,Customer Visit,13,20,1,Wednesday,2,54.0
37,2016-01-21 14:25:00,2016-01-21 14:29:00,Business,Cary,Cary,1.6,Errand/Supplies,14,21,1,Thursday,3,4.0
38,2016-01-21 14:43:00,2016-01-21 14:51:00,Business,Cary,Cary,2.4,Meal/Entertain,14,21,1,Thursday,3,8.0
39,2016-01-21 16:01:00,2016-01-21 16:06:00,Business,Cary,Cary,1.0,Meal/Entertain,16,21,1,Thursday,3,5.0
40,2016-01-26 10:41:00,2016-01-26 10:50:00,Business,Whitebridge,Hazelwood,2.0,Meal/Entertain,10,26,1,Tuesday,1,9.0
41,2016-01-26 12:33:00,2016-01-26 12:41:00,Business,Hazelwood,Whitebridge,2.3,Errand/Supplies,12,26,1,Tuesday,1,8.0
42,2016-01-26 16:24:00,2016-01-26 16:32:00,Business,Whitebridge,Westpark Place,1.9,Errand/Supplies,16,26,1,Tuesday,1,8.0
43,2016-01-26 17:17:00,2016-01-26 17:22:00,Business,Cary,Cary,1.4,Errand/Supplies,17,26,1,Tuesday,1,5.0
44,2016-01-26 17:27:00,2016-01-26 17:29:00,Business,Cary,Cary,0.5,Errand/Supplies,17,26,1,Tuesday,1,2.0
45,2016-01-27 09:24:00,2016-01-27 09:31:00,Business,Cary,Cary,1.8,Meeting,9,27,1,Wednesday,2,7.0
46,2016-01-27 10:19:00,2016-01-27 10:48:00,Business,Cary,Raleigh,18.7,Customer Visit,10,27,1,Wednesday,2,29.0
47,2016-01-27 12:34:00,2016-01-27 12:44:00,Business,Fairmont,Meredith Townes,3.4,Customer Visit,12,27,1,Wednesday,2,10.0
48,2016-01-27 14:05:00,2016-01-27 14:13:00,Business,Raleigh,Raleigh,2.7,Customer Visit,14,27,1,Wednesday,2,8.0
49,2016-01-27 14:46:00,2016-01-27 15:08:00,Business,Raleigh,Cary,12.9,Customer Visit,14,27,1,Wednesday,2,22.0
50,2016-01-28 12:28:00,2016-01-28 13:00:00,Business,Cary,Raleigh,19.0,Temporary Site,12,28,1,Thursday,3,32.0
51,2016-01-28 15:11:00,2016-01-28 15:31:00,Business,Meredith Townes,Leesville Hollow,14.7,Meeting,15,28,1,Thursday,3,20.0
52,2016-01-28 16:21:00,2016-01-28 16:51:00,Business,Raleigh,Cary,15.7,Meeting,16,28,1,Thursday,3,30.0
53,2016-01-29 09:31:00,2016-01-29 09:45:00,Business,Cary,Cary,4.6,Customer Visit,9,29,1,Friday,4,14.0
54,2016-01-29 10:56:00,2016-01-29 11:07:00,Business,Cary,Cary,5.2,Meeting,10,29,1,Friday,4,11.0
55,2016-01-29 11:43:00,2016-01-29 12:03:00,Business,Cary,Durham,10.4,Meeting,11,29,1,Friday,4,20.0
56,2016-01-29 13:24:00,2016-01-29 13:47:00,Business,Durham,Cary,10.1,Meeting,13,29,1,Friday,4,23.0
57,2016-01-29 18:31:00,2016-01-29 18:52:00,Business,Cary,Apex,5.8,Errand/Supplies,18,29,1,Friday,4,21.0
58,2016-01-29 21:21:00,2016-01-29 21:40:00,Business,Apex,Cary,5.5,Meal/Entertain,21,29,1,Friday,4,19.0
59,2016-01-30 16:21:00,2016-01-30 16:33:00,Business,Cary,Apex,5.7,Errand/Supplies,16,30,1,Saturday,5,12.0
60,2016-01-30 18:09:00,2016-01-30 18:24:00,Business,Apex,Cary,5.7,Customer Visit,18,30,1,Saturday,5,15.0
61,2016-02-01 10:35:00,2016-02-01 11:15:00,Business,Cary,Chapel Hill,19.4,Customer Visit,10,1,2,Monday,0,40.0
62,2016-02-01 12:10:00,2016-02-01 12:43:00,Business,Chapel Hill,Cary,23.3,Customer Visit,12,1,2,Monday,0,33.0
63,2016-02-01 12:56:00,2016-02-01 13:07:00,Business,Northwoods,Whitebridge,3.9,Meal/Entertain,12,1,2,Monday,0,11.0
64,2016-02-02 13:04:00,2016-02-02 13:23:00,Business,Whitebridge,Williamsburg Manor,8.3,Meeting,13,2,2,Tuesday,1,19.0
65,2016-02-02 13:51:00,2016-02-02 14:06:00,Business,Cary,Cary,6.0,Errand/Supplies,13,2,2,Tuesday,1,15.0
66,2016-02-02 14:38:00,2016-02-02 14:42:00,Business,Cary,Cary,1.6,Errand/Supplies,14,2,2,Tuesday,1,4.0
67,2016-02-04 08:40:00,2016-02-04 09:01:00,Business,Cary,Morrisville,5.2,Errand/Supplies,8,4,2,Thursday,3,21.0
68,2016-02-04 09:37:00,2016-02-04 10:09:00,Business,Morrisville,Cary,9.7,Meal/Entertain,9,4,2,Thursday,3,32.0
69,2016-02-04 10:26:00,2016-02-04 10:32:00,Business,Cary,Cary,1.6,Meal/Entertain,10,4,2,Thursday,3,6.0
70,2016-02-04 15:59:00,2016-02-04 16:03:00,Business,Cary,Cary,1.1,Meal/Entertain,15,4,2,Thursday,3,4.0
71,2016-02-04 16:35:00,2016-02-04 16:39:00,Business,Cary,Cary,1.6,Meal/Entertain,16,4,2,Thursday,3,4.0
72,2016-02-04 18:04:00,2016-02-04 18:31:00,Business,Whitebridge,Macgregor Downs,9.0,Meeting,18,4,2,Thursday,3,27.0
73,2016-02-04 20:36:00,2016-02-04 20:55:00,Business,Cary,Cary,7.7,Meeting,20,4,2,Thursday,3,19.0
74,2016-02-05 11:47:00,2016-02-05 12:07:00,Business,Cary,Durham,10.4,Meeting,11,5,2,Friday,4,20.0
75,2016-02-05 13:22:00,2016-02-05 13:41:00,Business,Durham,Cary,10.4,Meeting,13,5,2,Friday,4,19.0
76,2016-02-06 16:20:00,2016-02-06 16:53:00,Business,Cary,Raleigh,11.4,Between Offices,16,6,2,Saturday,5,33.0
77,2016-02-06 18:57:00,2016-02-06 19:21:00,Business,Raleigh,Cary,9.0,Errand/Supplies,18,6,2,Saturday,5,24.0
78,2016-02-06 19:28:00,2016-02-06 19:37:00,Business,Edgehill Farms,Whitebridge,3.2,Meal/Entertain,19,6,2,Saturday,5,9.0
79,2016-02-07 16:49:00,2016-02-07 17:01:00,Business,Cary,Apex,5.6,Errand/Supplies,16,7,2,Sunday,6,12.0
80,2016-02-07 18:03:00,2016-02-07 18:17:00,Business,Apex,Cary,5.7,Customer Visit,18,7,2,Sunday,6,14.0
81,2016-02-07 18:39:00,2016-02-07 18:53:00,Business,Cary,Morrisville,6.1,Temporary Site,18,7,2,Sunday,6,14.0
82,2016-02-07 20:22:00,2016-02-07 20:40:00,Business,Morrisville,Cary,6.1,Meeting,20,7,2,Sunday,6,18.0
83,2016-02-08 12:57:00,2016-02-08 13:08:00,Business,Whitebridge,Edgehill Farms,4.3,Meal/Entertain,12,8,2,Monday,0,11.0
84,2016-02-08 14:00:00,2016-02-08 14:10:00,Business,Edgehill Farms,Whitebridge,2.7,Meal/Entertain,14,8,2,Monday,0,10.0
90,2016-02-09 20:24:00,2016-02-09 20:40:00,Business,Morrisville,Cary,6.1,Meal/Entertain,20,9,2,Tuesday,1,16.0
91,2016-02-11 16:28:00,2016-02-11 17:10:00,Business,Cary,Raleigh,17.3,Meal/Entertain,16,11,2,Thursday,3,42.0
92,2016-02-11 17:49:00,2016-02-11 18:10:00,Business,Eastgate,Walnut Terrace,5.7,Meal/Entertain,17,11,2,Thursday,3,21.0
93,2016-02-11 18:24:00,2016-02-11 18:46:00,Business,Raleigh,Morrisville,13.5,Temporary Site,18,11,2,Thursday,3,22.0
94,2016-02-11 20:36:00,2016-02-11 20:51:00,Business,Morrisville,Cary,6.1,Temporary Site,20,11,2,Thursday,3,15.0
95,2016-02-12 08:21:00,2016-02-12 08:42:00,Business,Cary,Durham,8.5,Temporary Site,8,12,2,Friday,4,21.0
96,2016-02-12 10:45:00,2016-02-12 10:52:00,Business,Durham,Morrisville,2.6,Temporary Site,10,12,2,Friday,4,7.0
97,2016-02-12 11:14:00,2016-02-12 11:35:00,Business,Morrisville,Raleigh,17.0,Customer Visit,11,12,2,Friday,4,21.0
98,2016-02-12 13:02:00,2016-02-12 13:36:00,Business,Raleigh,Cary,18.0,Meeting,13,12,2,Friday,4,34.0
99,2016-02-12 14:49:00,2016-02-12 15:06:00,Business,Cary,Morrisville,8.4,Meeting,14,12,2,Friday,4,17.0
100,2016-02-12 15:33:00,2016-02-12 16:06:00,Business,Morrisville,Cary,11.5,Customer Visit,15,12,2,Friday,4,33.0
101,2016-02-13 14:21:00,2016-02-13 14:41:00,Business,Cary,Morrisville,8.9,Meeting,14,13,2,Saturday,5,20.0
104,2016-02-14 14:07:00,2016-02-14 14:40:00,Business,East Elmhurst,New York,8.1,Meeting,14,14,2,Sunday,6,33.0
105,2016-02-14 14:46:00,2016-02-14 15:03:00,Business,Midtown,Midtown West,2.0,Meeting,14,14,2,Sunday,6,17.0
106,2016-02-14 16:35:00,2016-02-14 17:02:00,Business,New York,Long Island City,13.0,Meeting,16,14,2,Sunday,6,27.0
107,2016-02-14 17:06:00,2016-02-14 17:29:00,Business,Long Island City,Jamaica,13.9,Meeting,17,14,2,Sunday,6,23.0
108,2016-02-16 03:21:00,2016-02-16 04:13:00,Business,Katunayaka,Unknown Location,43.7,Customer Visit,3,16,2,Tuesday,1,52.0
113,2016-02-16 13:43:00,2016-02-16 13:55:00,Business,Colombo,Colombo,1.8,Temporary Site,13,16,2,Tuesday,1,12.0
115,2016-02-16 17:17:00,2016-02-16 17:26:00,Business,Colombo,Nugegoda,1.1,Meal/Entertain,17,16,2,Tuesday,1,9.0
116,2016-02-16 17:40:00,2016-02-16 17:44:00,Business,Nugegoda,Unknown Location,3.6,Errand/Supplies,17,16,2,Tuesday,1,4.0
117,2016-02-17 13:18:00,2016-02-17 14:04:00,Business,Unknown Location,Colombo,14.7,Temporary Site,13,17,2,Wednesday,2,46.0
118,2016-02-17 15:17:00,2016-02-17 15:22:00,Business,Colombo,Colombo,1.7,Meal/Entertain,15,17,2,Wednesday,2,5.0
119,2016-02-17 15:33:00,2016-02-17 16:17:00,Business,Colombo,Katunayaka,21.4,Temporary Site,15,17,2,Wednesday,2,44.0
120,2016-02-17 16:38:00,2016-02-17 16:43:00,Business,Katunayaka,Katunayaka,0.5,Errand/Supplies,16,17,2,Wednesday,2,5.0
121,2016-02-18 08:19:00,2016-02-18 08:27:00,Business,Unknown Location,Unknown Location,23.5,Temporary Site,8,18,2,Thursday,3,8.0
122,2016-02-18 14:03:00,2016-02-18 14:45:00,Business,Unknown Location,Islamabad,12.7,Temporary Site,14,18,2,Thursday,3,42.0
123,2016-02-18 15:16:00,2016-02-18 15:31:00,Business,Islamabad,Unknown Location,6.0,Temporary Site,15,18,2,Thursday,3,15.0
124,2016-02-18 18:44:00,2016-02-18 18:58:00,Business,Unknown Location,Islamabad,5.2,Customer Visit,18,18,2,Thursday,3,14.0
125,2016-02-18 19:27:00,2016-02-18 20:08:00,Business,Islamabad,Unknown Location,10.0,Meeting,19,18,2,Thursday,3,41.0
126,2016-02-19 09:02:00,2016-02-19 09:14:00,Business,Unknown Location,Unknown Location,18.3,Meeting,9,19,2,Friday,4,12.0
127,2016-02-19 09:21:00,2016-02-19 09:51:00,Business,Unknown Location,Unknown Location,11.2,Meeting,9,19,2,Friday,4,30.0
128,2016-02-19 10:21:00,2016-02-19 10:48:00,Business,Unknown Location,Islamabad,7.6,Meeting,10,19,2,Friday,4,27.0
131,2016-02-19 12:09:00,2016-02-19 12:27:00,Business,Islamabad,Unknown Location,7.3,Temporary Site,12,19,2,Friday,4,18.0
140,2016-02-20 14:50:00,2016-02-20 15:54:00,Business,R?walpindi,R?walpindi,23.1,Meeting,14,20,2,Saturday,5,64.0
142,2016-02-20 18:00:00,2016-02-20 18:03:00,Business,Unknown Location,Unknown Location,3.2,Errand/Supplies,18,20,2,Saturday,5,3.0
143,2016-02-20 19:28:00,2016-02-20 19:49:00,Business,Unknown Location,Unknown Location,7.7,Errand/Supplies,19,20,2,Saturday,5,21.0
145,2016-02-21 11:39:00,2016-02-21 11:43:00,Business,Unknown Location,Islamabad,2.4,Errand/Supplies,11,21,2,Sunday,6,4.0
146,2016-02-21 11:47:00,2016-02-21 12:01:00,Business,Islamabad,Islamabad,4.6,Errand/Supplies,11,21,2,Sunday,6,14.0
147,2016-02-21 12:13:00,2016-02-21 12:35:00,Business,Islamabad,Unknown Location,8.8,Meal/Entertain,12,21,2,Sunday,6,22.0
148,2016-02-21 12:51:00,2016-02-21 13:12:00,Business,Unknown Location,Unknown Location,8.3,Temporary Site,12,21,2,Sunday,6,21.0
149,2016-02-21 13:33:00,2016-02-21 14:30:00,Business,Unknown Location,Unknown Location,22.7,Temporary Site,13,21,2,Sunday,6,57.0
150,2016-02-21 14:36:00,2016-02-21 15:03:00,Business,Unknown Location,Islamabad,13.0,Temporary Site,14,21,2,Sunday,6,27.0
151,2016-02-21 15:14:00,2016-02-21 15:31:00,Business,Islamabad,Noorpur Shahan,8.1,Temporary Site,15,21,2,Sunday,6,17.0
152,2016-02-21 15:36:00,2016-02-21 15:41:00,Business,Noorpur Shahan,Unknown Location,2.2,Meal/Entertain,15,21,2,Sunday,6,5.0
154,2016-02-21 23:15:00,2016-02-21 23:52:00,Business,Unknown Location,R?walpindi,20.0,Meeting,23,21,2,Sunday,6,37.0
155,2016-02-22 21:54:00,2016-02-22 22:09:00,Business,Morrisville,Cary,8.1,Customer Visit,21,22,2,Monday,0,15.0
157,2016-02-24 15:19:00,2016-02-24 15:25:00,Business,Preston,Whitebridge,1.7,Errand/Supplies,15,24,2,Wednesday,2,6.0
158,2016-02-25 16:27:00,2016-02-25 16:35:00,Business,Whitebridge,Heritage Pines,3.1,Errand/Supplies,16,25,2,Thursday,3,8.0
159,2016-02-25 16:47:00,2016-02-25 17:02:00,Business,Heritage Pines,Whitebridge,3.2,Errand/Supplies,16,25,2,Thursday,3,15.0
160,2016-02-25 17:16:00,2016-02-25 17:36:00,Business,Whitebridge,Tanglewood,6.0,Meal/Entertain,17,25,2,Thursday,3,20.0
161,2016-02-25 18:22:00,2016-02-25 18:39:00,Business,Tanglewood,Whitebridge,5.8,Meal/Entertain,18,25,2,Thursday,3,17.0
164,2016-02-26 11:35:00,2016-02-26 11:59:00,Business,Cary,Durham,10.6,Meeting,11,26,2,Friday,4,24.0
165,2016-02-26 13:01:00,2016-02-26 13:24:00,Business,Durham,Cary,9.9,Meeting,13,26,2,Friday,4,23.0
169,2016-02-28 05:22:00,2016-02-28 05:38:00,Business,Whitebridge,Waverly Place,7.7,Meeting,5,28,2,Sunday,6,16.0
170,2016-02-28 09:26:00,2016-02-28 09:42:00,Business,Waverly Place,Whitebridge,6.8,Meeting,9,28,2,Sunday,6,16.0
172,2016-02-29 11:30:00,2016-02-29 11:40:00,Business,Cary,Apex,3.8,Meeting,11,29,2,Monday,0,10.0
173,2016-02-29 12:36:00,2016-02-29 12:48:00,Business,Apex,Cary,5.6,Meeting,12,29,2,Monday,0,12.0
175,2016-02-29 16:40:00,2016-02-29 17:00:00,Business,Hazelwood,Whitebridge,6.6,Customer Visit,16,29,2,Monday,0,20.0
176,2016-03-01 18:47:00,2016-03-01 19:10:00,Business,Whitebridge,Wayne Ridge,8.0,Meal/Entertain,18,1,3,Tuesday,1,23.0
177,2016-03-01 21:27:00,2016-03-01 21:45:00,Business,Wayne Ridge,Whitebridge,8.0,Meeting,21,1,3,Tuesday,1,18.0
179,2016-03-03 11:04:00,2016-03-03 11:10:00,Business,Westpark Place,Whitebridge,2.3,Errand/Supplies,11,3,3,Thursday,3,6.0
180,2016-03-03 14:44:00,2016-03-03 14:58:00,Business,Whitebridge,Northwoods,5.2,Meal/Entertain,14,3,3,Thursday,3,14.0
181,2016-03-03 15:27:00,2016-03-03 15:48:00,Business,Cary,Raleigh,7.6,Customer Visit,15,3,3,Thursday,3,21.0
182,2016-03-03 16:02:00,2016-03-03 16:42:00,Business,Raleigh,Cary,17.3,Meeting,16,3,3,Thursday,3,40.0
183,2016-03-04 07:47:00,2016-03-04 08:06:00,Business,Cary,Durham,9.9,Meeting,7,4,3,Friday,4,19.0
184,2016-03-04 09:46:00,2016-03-04 10:03:00,Business,Durham,Cary,9.9,Customer Visit,9,4,3,Friday,4,17.0
185,2016-03-04 11:46:00,2016-03-04 12:06:00,Business,Cary,Durham,10.4,Meeting,11,4,3,Friday,4,20.0
186,2016-03-04 13:03:00,2016-03-04 13:25:00,Business,Durham,Cary,10.9,Meeting,13,4,3,Friday,4,22.0
187,2016-03-04 13:40:00,2016-03-04 14:09:00,Business,Cary,Raleigh,15.7,Customer Visit,13,4,3,Friday,4,29.0
188,2016-03-04 15:56:00,2016-03-04 16:08:00,Business,Raleigh,Raleigh,4.9,Meal/Entertain,15,4,3,Friday,4,12.0
189,2016-03-04 16:16:00,2016-03-04 16:22:00,Business,Fayetteville Street,Depot Historic District,0.8,Errand/Supplies,16,4,3,Friday,4,6.0
190,2016-03-04 16:43:00,2016-03-04 17:12:00,Business,Raleigh,Cary,13.5,Meeting,16,4,3,Friday,4,29.0
191,2016-03-04 19:02:00,2016-03-04 19:08:00,Business,Cary,Morrisville,1.9,Temporary Site,19,4,3,Friday,4,6.0
192,2016-03-04 19:16:00,2016-03-04 19:25:00,Business,Morrisville,Cary,2.0,Meal/Entertain,19,4,3,Friday,4,9.0
193,2016-03-05 11:44:00,2016-03-05 11:59:00,Business,Cary,Morrisville,6.5,Meal/Entertain,11,5,3,Saturday,5,15.0
196,2016-03-05 14:39:00,2016-03-05 15:01:00,Business,Whitebridge,Wayne Ridge,7.8,Meal/Entertain,14,5,3,Saturday,5,22.0
197,2016-03-05 16:52:00,2016-03-05 17:13:00,Business,Cary,Morrisville,7.8,Meal/Entertain,16,5,3,Saturday,5,21.0
198,2016-03-05 17:23:00,2016-03-05 17:34:00,Business,Morrisville,Cary,3.9,Meal/Entertain,17,5,3,Saturday,5,11.0
199,2016-03-07 09:10:00,2016-03-07 09:20:00,Business,Whitebridge,Edgehill Farms,2.8,Errand/Supplies,9,7,3,Monday,0,10.0
200,2016-03-07 09:23:00,2016-03-07 09:47:00,Business,Cary,Raleigh,12.4,Customer Visit,9,7,3,Monday,0,24.0
201,2016-03-07 12:10:00,2016-03-07 12:26:00,Business,Fayetteville Street,Meredith Townes,5.9,Customer Visit,12,7,3,Monday,0,16.0
202,2016-03-07 13:57:00,2016-03-07 14:18:00,Business,Meredith Townes,Leesville Hollow,9.4,Meeting,13,7,3,Monday,0,21.0
203,2016-03-07 15:19:00,2016-03-07 15:45:00,Business,Raleigh,Cary,11.9,Between Offices,15,7,3,Monday,0,26.0
204,2016-03-08 14:38:00,2016-03-08 14:55:00,Business,Whitebridge,Waverly Place,7.2,Between Offices,14,8,3,Tuesday,1,17.0
205,2016-03-08 15:35:00,2016-03-08 16:00:00,Business,Waverly Place,Whitebridge,7.6,Meal/Entertain,15,8,3,Tuesday,1,25.0
207,2016-03-10 03:36:00,2016-03-10 03:53:00,Business,Cary,Morrisville,8.4,Meeting,3,10,3,Thursday,3,17.0
208,2016-03-10 10:08:00,2016-03-10 10:37:00,Business,East Austin,West University,12.8,Meeting,10,10,3,Thursday,3,29.0
211,2016-03-11 09:47:00,2016-03-11 09:59:00,Business,The Drag,Congress Ave District,2.0,Meal/Entertain,9,11,3,Friday,4,12.0
218,2016-03-13 09:07:00,2016-03-13 09:37:00,Business,The Drag,Convention Center District,5.7,Meal/Entertain,9,13,3,Sunday,6,30.0
219,2016-03-13 18:23:00,2016-03-13 18:43:00,Business,South Congress,North Austin,8.4,Meal/Entertain,18,13,3,Sunday,6,20.0
220,2016-03-13 20:07:00,2016-03-13 20:28:00,Business,Georgian Acres,The Drag,6.2,Meal/Entertain,20,13,3,Sunday,6,21.0
221,2016-03-13 20:39:00,2016-03-13 20:58:00,Business,The Drag,North Austin,10.5,Meal/Entertain,20,13,3,Sunday,6,19.0
222,2016-03-13 21:11:00,2016-03-13 21:23:00,Business,North Austin,Coxville,7.2,Meal/Entertain,21,13,3,Sunday,6,12.0
224,2016-03-14 08:34:00,2016-03-14 08:49:00,Business,The Drag,South Congress,2.0,Errand/Supplies,8,14,3,Monday,0,15.0
226,2016-03-15 08:45:00,2016-03-15 08:57:00,Business,The Drag,Convention Center District,2.0,Meal/Entertain,8,15,3,Tuesday,1,12.0
227,2016-03-15 20:48:00,2016-03-15 21:01:00,Business,Downtown,The Drag,2.8,Meal/Entertain,20,15,3,Tuesday,1,13.0
228,2016-03-16 11:34:00,2016-03-16 11:45:00,Business,The Drag,Congress Ave District,1.7,Meal/Entertain,11,16,3,Wednesday,2,11.0
230,2016-03-16 18:43:00,2016-03-16 18:56:00,Business,West University,Congress Ave District,2.1,Meal/Entertain,18,16,3,Wednesday,2,13.0
232,2016-03-17 12:52:00,2016-03-17 15:11:00,Business,Austin,Katy,136.0,Customer Visit,12,17,3,Thursday,3,139.0
233,2016-03-17 15:16:00,2016-03-17 15:58:00,Business,Katy,Houston,30.2,Meeting,15,17,3,Thursday,3,42.0
234,2016-03-17 17:20:00,2016-03-17 18:02:00,Business,Midtown,Alief,15.5,Meal/Entertain,17,17,3,Thursday,3,42.0
238,2016-03-18 07:15:00,2016-03-18 07:21:00,Business,Midtown,Midtown,1.1,Meal/Entertain,7,18,3,Friday,4,6.0
239,2016-03-18 08:35:00,2016-03-18 08:43:00,Business,Midtown,Midtown,1.1,Meal/Entertain,8,18,3,Friday,4,8.0
240,2016-03-18 18:24:00,2016-03-18 19:08:00,Business,Midtown,Sharpstown,13.2,Meeting,18,18,3,Friday,4,44.0
241,2016-03-18 19:23:00,2016-03-18 19:29:00,Business,Sharpstown,Sharpstown,1.0,Errand/Supplies,19,18,3,Friday,4,6.0
242,2016-03-18 21:01:00,2016-03-18 21:15:00,Business,Sharpstown,Midtown,9.2,Customer Visit,21,18,3,Friday,4,14.0
243,2016-03-19 09:10:00,2016-03-19 09:25:00,Business,Midtown,Sharpstown,9.4,Meal/Entertain,9,19,3,Saturday,5,15.0
244,2016-03-19 12:50:00,2016-03-19 13:13:00,Business,Houston,Sugar Land,12.0,Customer Visit,12,19,3,Saturday,5,23.0
245,2016-03-19 14:01:00,2016-03-19 14:57:00,Business,Sugar Land,Houston,35.1,Customer Visit,14,19,3,Saturday,5,56.0
246,2016-03-19 15:34:00,2016-03-19 16:38:00,Business,Houston,Galveston,36.5,Meal/Entertain,15,19,3,Saturday,5,64.0
247,2016-03-19 17:17:00,2016-03-19 17:32:00,Business,Galveston,Port Bolivar,3.1,Meal/Entertain,17,19,3,Saturday,5,15.0
248,2016-03-19 17:37:00,2016-03-19 17:47:00,Business,Port Bolivar,Port Bolivar,2.1,Errand/Supplies,17,19,3,Saturday,5,10.0
250,2016-03-19 18:53:00,2016-03-19 19:29:00,Business,Port Bolivar,Galveston,7.5,Meeting,18,19,3,Saturday,5,36.0
251,2016-03-19 19:33:00,2016-03-19 20:39:00,Business,Galveston,Houston,57.0,Customer Visit,19,19,3,Saturday,5,66.0
252,2016-03-20 07:37:00,2016-03-20 07:48:00,Business,Midtown,Washington Avenue,5.9,Meeting,7,20,3,Sunday,6,11.0
253,2016-03-20 11:42:00,2016-03-20 11:56:00,Business,Washington Avenue,Midtown,6.2,Meeting,11,20,3,Sunday,6,14.0
256,2016-03-20 18:45:00,2016-03-20 19:06:00,Business,Briar Meadow,Midtown,9.6,Customer Visit,18,20,3,Sunday,6,21.0
258,2016-03-21 16:05:00,2016-03-21 16:13:00,Business,Downtown,Midtown,0.9,Meal/Entertain,16,21,3,Monday,0,8.0
260,2016-03-21 20:18:00,2016-03-21 20:55:00,Business,Sharpstown,Midtown,25.6,Meal/Entertain,20,21,3,Monday,0,37.0
261,2016-03-22 06:17:00,2016-03-22 06:43:00,Business,Midtown,Greater Greenspoint,23.0,Meal/Entertain,6,22,3,Tuesday,1,26.0
268,2016-03-25 13:24:00,2016-03-25 16:22:00,Business,Cary,Latta,144.0,Customer Visit,13,25,3,Friday,4,178.0
269,2016-03-25 16:52:00,2016-03-25 22:22:00,Business,Latta,Jacksonville,310.3,Customer Visit,16,25,3,Friday,4,330.0
270,2016-03-25 22:54:00,2016-03-26 01:39:00,Business,Jacksonville,Kissimmee,201.0,Meeting,22,25,3,Friday,4,165.0
274,2016-03-27 00:31:00,2016-03-27 00:40:00,Business,Lake Reams,Lake Reams,2.1,Errand/Supplies,0,27,3,Sunday,6,9.0
275,2016-03-27 01:11:00,2016-03-27 01:23:00,Business,Orlando,Kissimmee,6.6,Meal/Entertain,1,27,3,Sunday,6,12.0
276,2016-03-27 15:31:00,2016-03-27 15:56:00,Business,Kissimmee,Orlando,6.1,Customer Visit,15,27,3,Sunday,6,25.0
286,2016-03-30 22:05:00,2016-03-30 22:55:00,Business,Orlando,Kissimmee,28.8,Meal/Entertain,22,30,3,Wednesday,2,50.0
287,2016-03-31 12:47:00,2016-03-31 13:22:00,Business,Kissimmee,Orlando,16.1,Temporary Site,12,31,3,Thursday,3,35.0
288,2016-03-31 14:37:00,2016-03-31 15:09:00,Business,Orlando,Kissimmee,16.4,Meal/Entertain,14,31,3,Thursday,3,32.0
289,2016-04-01 13:43:00,2016-04-01 14:01:00,Business,Kissimmee,Kissimmee,11.0,Meeting,13,1,4,Friday,4,18.0
290,2016-04-01 14:36:00,2016-04-01 15:24:00,Business,Kissimmee,Orlando,15.5,Customer Visit,14,1,4,Friday,4,48.0
291,2016-04-01 16:01:00,2016-04-01 16:49:00,Business,Orlando,Kissimmee,20.3,Meeting,16,1,4,Friday,4,48.0
295,2016-04-02 12:21:00,2016-04-02 14:47:00,Business,Kissimmee,Daytona Beach,77.3,Customer Visit,12,2,4,Saturday,5,146.0
296,2016-04-02 16:57:00,2016-04-02 18:09:00,Business,Daytona Beach,Jacksonville,80.5,Customer Visit,16,2,4,Saturday,5,72.0
297,2016-04-02 19:38:00,2016-04-02 22:36:00,Business,Jacksonville,Ridgeland,174.2,Customer Visit,19,2,4,Saturday,5,178.0
298,2016-04-02 23:11:00,2016-04-03 01:34:00,Business,Ridgeland,Florence,144.0,Meeting,23,2,4,Saturday,5,143.0
299,2016-04-03 02:00:00,2016-04-03 04:16:00,Business,Florence,Cary,159.3,Meeting,2,3,4,Sunday,6,136.0
300,2016-04-05 21:39:00,2016-04-05 21:55:00,Business,Whitebridge,Wayne Ridge,7.9,Meal/Entertain,21,5,4,Tuesday,1,16.0
301,2016-04-06 00:19:00,2016-04-06 00:39:00,Business,Wayne Ridge,Whitebridge,8.0,Meal/Entertain,0,6,4,Wednesday,2,20.0
302,2016-04-07 18:20:00,2016-04-07 18:39:00,Business,Cary,Morrisville,6.1,Meal/Entertain,18,7,4,Thursday,3,19.0
303,2016-04-07 19:45:00,2016-04-07 20:00:00,Business,Morrisville,Cary,6.1,Errand/Supplies,19,7,4,Thursday,3,15.0
304,2016-04-08 12:30:00,2016-04-08 12:48:00,Business,Cary,Durham,10.5,Meeting,12,8,4,Friday,4,18.0
305,2016-04-08 13:34:00,2016-04-08 13:51:00,Business,Durham,Cary,8.7,Meal/Entertain,13,8,4,Friday,4,17.0
306,2016-04-08 13:55:00,2016-04-08 14:03:00,Business,Westpark Place,Whitebridge,1.8,Errand/Supplies,13,8,4,Friday,4,8.0
307,2016-04-08 14:43:00,2016-04-08 15:20:00,Business,Cary,Raleigh,19.1,Meeting,14,8,4,Friday,4,37.0
308,2016-04-08 16:05:00,2016-04-08 16:47:00,Business,Raleigh,Cary,18.6,Meeting,16,8,4,Friday,4,42.0
309,2016-04-12 09:15:00,2016-04-12 09:26:00,Business,Whitebridge,Edgehill Farms,2.8,Errand/Supplies,9,12,4,Tuesday,1,11.0
310,2016-04-12 09:34:00,2016-04-12 09:53:00,Business,Cary,Raleigh,8.9,Meeting,9,12,4,Tuesday,1,19.0
311,2016-04-12 10:58:00,2016-04-12 11:18:00,Business,Meredith,Cedar Hill,7.5,Customer Visit,10,12,4,Tuesday,1,20.0
312,2016-04-12 12:22:00,2016-04-12 12:44:00,Business,Raleigh,Morrisville,15.9,Meeting,12,12,4,Tuesday,1,22.0
313,2016-04-12 13:42:00,2016-04-12 14:01:00,Business,Morrisville,Cary,6.5,Meal/Entertain,13,12,4,Tuesday,1,19.0
314,2016-04-14 07:29:00,2016-04-14 08:09:00,Business,Cary,Holly Springs,15.3,Temporary Site,7,14,4,Thursday,3,40.0
315,2016-04-14 16:00:00,2016-04-14 16:43:00,Business,Holly Springs,Cary,13.7,Temporary Site,16,14,4,Thursday,3,43.0
316,2016-04-15 11:36:00,2016-04-15 12:07:00,Business,Cary,Raleigh,11.9,Temporary Site,11,15,4,Friday,4,31.0
317,2016-04-15 12:29:00,2016-04-15 12:32:00,Business,Meredith Townes,Harden Place,1.4,Errand/Supplies,12,15,4,Friday,4,3.0
318,2016-04-15 14:31:00,2016-04-15 15:01:00,Business,Raleigh,Cary,15.2,Meeting,14,15,4,Friday,4,30.0
319,2016-04-16 12:59:00,2016-04-16 13:17:00,Business,Cary,Morrisville,6.0,Errand/Supplies,12,16,4,Saturday,5,18.0
320,2016-04-16 15:10:00,2016-04-16 15:26:00,Business,Morrisville,Cary,6.1,Meal/Entertain,15,16,4,Saturday,5,16.0
321,2016-04-19 17:44:00,2016-04-19 18:08:00,Business,Whitebridge,Wayne Ridge,8.2,Meal/Entertain,17,19,4,Tuesday,1,24.0
322,2016-04-19 19:57:00,2016-04-19 20:19:00,Business,Wayne Ridge,Whitebridge,8.0,Meal/Entertain,19,19,4,Tuesday,1,22.0
323,2016-04-22 08:25:00,2016-04-22 09:04:00,Business,Cary,Raleigh,13.6,Meeting,8,22,4,Friday,4,39.0
324,2016-04-22 10:10:00,2016-04-22 10:40:00,Business,Raleigh,Cary,22.5,Meeting,10,22,4,Friday,4,30.0
325,2016-04-22 12:08:00,2016-04-22 12:28:00,Business,Cary,Durham,10.4,Meeting,12,22,4,Friday,4,20.0
326,2016-04-22 13:02:00,2016-04-22 13:26:00,Business,Durham,Cary,10.0,Meeting,13,22,4,Friday,4,24.0
327,2016-04-23 17:03:00,2016-04-23 17:16:00,Business,Whitebridge,Tanglewood,6.0,Meal/Entertain,17,23,4,Saturday,5,13.0
328,2016-04-23 18:49:00,2016-04-23 19:05:00,Business,Tanglewood,Whitebridge,6.5,Meal/Entertain,18,23,4,Saturday,5,16.0
329,2016-04-24 19:07:00,2016-04-24 19:16:00,Business,Cary,Morrisville,3.1,Errand/Supplies,19,24,4,Sunday,6,9.0
330,2016-04-24 19:46:00,2016-04-24 19:52:00,Business,Chessington,Chessington,1.9,Errand/Supplies,19,24,4,Sunday,6,6.0
331,2016-04-24 21:41:00,2016-04-24 21:50:00,Business,Morrisville,Cary,4.2,Between Offices,21,24,4,Sunday,6,9.0
332,2016-04-27 13:30:00,2016-04-27 13:40:00,Business,Whitebridge,Burtrose,4.9,Between Offices,13,27,4,Wednesday,2,10.0
333,2016-04-27 14:13:00,2016-04-27 14:25:00,Business,Burtrose,Whitebridge,4.8,Between Offices,14,27,4,Wednesday,2,12.0
334,2016-04-28 12:09:00,2016-04-28 12:34:00,Business,Cary,Raleigh,12.4,Customer Visit,12,28,4,Thursday,3,25.0
335,2016-04-28 13:30:00,2016-04-28 13:49:00,Business,Raleigh,Cary,32.8,Customer Visit,13,28,4,Thursday,3,19.0
336,2016-04-28 22:10:00,2016-04-28 22:28:00,Business,Morrisville,Cary,5.5,Customer Visit,22,28,4,Thursday,3,18.0
337,2016-04-29 11:44:00,2016-04-29 12:01:00,Business,Cary,Durham,9.9,Meeting,11,29,4,Friday,4,17.0
338,2016-04-29 13:13:00,2016-04-29 13:34:00,Business,Durham,Cary,10.0,Meeting,13,29,4,Friday,4,21.0
339,2016-04-29 18:46:00,2016-04-29 19:18:00,Business,Cary,Durham,14.2,Customer Visit,18,29,4,Friday,4,32.0
340,2016-04-29 22:44:00,2016-04-29 23:19:00,Business,Durham,Cary,18.2,Meeting,22,29,4,Friday,4,35.0
341,2016-04-30 18:42:00,2016-04-30 18:57:00,Business,Whitebridge,Waverly Place,7.7,Meal/Entertain,18,30,4,Saturday,5,15.0
343,2016-05-01 13:45:00,2016-05-01 13:53:00,Business,Whitebridge,Westpark Place,2.1,Meal/Entertain,13,1,5,Sunday,6,8.0
345,2016-05-01 17:33:00,2016-05-01 17:45:00,Business,Whitebridge,Tanglewood,6.2,Between Offices,17,1,5,Sunday,6,12.0
346,2016-05-01 17:54:00,2016-05-01 18:10:00,Business,Tanglewood,Parkway,7.5,Meeting,17,1,5,Sunday,6,16.0
347,2016-05-01 22:38:00,2016-05-01 22:49:00,Business,Parkway,Whitebridge,3.1,Errand/Supplies,22,1,5,Sunday,6,11.0
348,2016-05-02 14:14:00,2016-05-02 14:21:00,Business,Whitebridge,Westpark Place,2.2,Errand/Supplies,14,2,5,Monday,0,7.0
349,2016-05-02 15:37:00,2016-05-02 15:48:00,Business,Westpark Place,Whitebridge,3.9,Meal/Entertain,15,2,5,Monday,0,11.0
350,2016-05-03 22:20:00,2016-05-03 22:28:00,Business,Morrisville,Cary,2.5,Meal/Entertain,22,3,5,Tuesday,1,8.0
351,2016-05-04 15:16:00,2016-05-04 15:37:00,Business,Cary,Morrisville,8.7,Meal/Entertain,15,4,5,Wednesday,2,21.0
352,2016-05-04 20:55:00,2016-05-04 21:14:00,Business,Mcvan,Capitol One,14.5,Errand/Supplies,20,4,5,Wednesday,2,19.0
353,2016-05-04 21:30:00,2016-05-04 21:36:00,Business,Capitol One,University District,4.5,Meal/Entertain,21,4,5,Wednesday,2,6.0
354,2016-05-04 22:19:00,2016-05-04 22:27:00,Business,University District,Capitol One,5.0,Meal/Entertain,22,4,5,Wednesday,2,8.0
355,2016-05-05 21:24:00,2016-05-05 21:36:00,Business,Seattle,Redmond,14.2,Meal/Entertain,21,5,5,Thursday,3,12.0
356,2016-05-05 22:34:00,2016-05-05 22:40:00,Business,Redmond,Bellevue,2.9,Errand/Supplies,22,5,5,Thursday,3,6.0
357,2016-05-05 23:55:00,2016-05-06 00:08:00,Business,Bellevue,Seattle,12.9,Meeting,23,5,5,Thursday,3,13.0
358,2016-05-06 05:47:00,2016-05-06 06:02:00,Business,Capitol One,Mcvan,14.4,Meeting,5,6,5,Friday,4,15.0
359,2016-05-06 16:45:00,2016-05-06 16:59:00,Business,Chapel Hill,Morrisville,17.0,Meeting,16,6,5,Friday,4,14.0
360,2016-05-06 17:18:00,2016-05-06 17:44:00,Business,Morrisville,Cary,7.9,Customer Visit,17,6,5,Friday,4,26.0
361,2016-05-09 06:08:00,2016-05-09 06:25:00,Business,Cary,Morrisville,8.4,Customer Visit,6,9,5,Monday,0,17.0
362,2016-05-09 14:39:00,2016-05-09 15:06:00,Business,San Francisco,Palo Alto,20.5,Between Offices,14,9,5,Monday,0,27.0
363,2016-05-09 17:58:00,2016-05-09 18:26:00,Business,Palo Alto,Sunnyvale,9.8,Customer Visit,17,9,5,Monday,0,28.0
364,2016-05-09 19:35:00,2016-05-09 19:59:00,Business,Sunnyvale,Newark,17.6,Customer Visit,19,9,5,Monday,0,24.0
365,2016-05-10 09:03:00,2016-05-10 09:20:00,Business,Newark,Menlo Park,9.3,Customer Visit,9,10,5,Tuesday,1,17.0
366,2016-05-10 17:19:00,2016-05-10 17:31:00,Business,Menlo Park,Newark,7.9,Customer Visit,17,10,5,Tuesday,1,12.0
367,2016-05-11 08:35:00,2016-05-11 09:12:00,Business,Newark,San Francisco,25.6,Meeting,8,11,5,Wednesday,2,37.0
368,2016-05-11 21:47:00,2016-05-11 22:04:00,Business,Morrisville,Cary,8.1,Meeting,21,11,5,Wednesday,2,17.0
369,2016-05-14 18:35:00,2016-05-14 18:39:00,Business,Cary,Morrisville,3.1,Meal/Entertain,18,14,5,Saturday,5,4.0
370,2016-05-14 23:01:00,2016-05-14 23:05:00,Business,Morrisville,Cary,3.1,Meal/Entertain,23,14,5,Saturday,5,4.0
371,2016-05-17 13:15:00,2016-05-17 13:23:00,Business,Whitebridge,Preston,2.8,Errand/Supplies,13,17,5,Tuesday,1,8.0
372,2016-05-17 13:56:00,2016-05-17 14:08:00,Business,Preston,Westpark Place,2.7,Errand/Supplies,13,17,5,Tuesday,1,12.0
373,2016-05-17 14:34:00,2016-05-17 14:40:00,Business,Westpark Place,Whitebridge,1.9,Errand/Supplies,14,17,5,Tuesday,1,6.0
374,2016-05-18 09:11:00,2016-05-18 09:41:00,Business,Cary,Morrisville,8.4,Customer Visit,9,18,5,Wednesday,2,30.0
375,2016-05-18 13:00:00,2016-05-18 13:02:00,Business,Morrisville,Raleigh,7.6,Customer Visit,13,18,5,Wednesday,2,2.0
376,2016-05-19 14:37:00,2016-05-19 15:01:00,Business,Old City,Parkway Museums,2.9,Meal/Entertain,14,19,5,Thursday,3,24.0
377,2016-05-20 10:56:00,2016-05-20 11:07:00,Business,Old City,Hog Island,11.2,Meeting,10,20,5,Friday,4,11.0
378,2016-05-20 15:43:00,2016-05-20 16:12:00,Business,Morrisville,Cary,8.2,Meal/Entertain,15,20,5,Friday,4,29.0
379,2016-05-22 15:39:00,2016-05-22 15:46:00,Business,Cary,Morrisville,3.0,Meal/Entertain,15,22,5,Sunday,6,7.0
380,2016-05-22 18:46:00,2016-05-22 18:53:00,Business,Morrisville,Cary,2.5,Meal/Entertain,18,22,5,Sunday,6,7.0
381,2016-05-23 20:19:00,2016-05-23 20:27:00,Business,Whitebridge,Savon Height,3.6,Meal/Entertain,20,23,5,Monday,0,8.0
382,2016-05-23 21:09:00,2016-05-23 21:21:00,Business,Savon Height,Whitebridge,3.6,Errand/Supplies,21,23,5,Monday,0,12.0
383,2016-05-27 20:26:00,2016-05-27 20:30:00,Business,Whitebridge,Kildaire Farms,4.5,Errand/Supplies,20,27,5,Friday,4,4.0
385,2016-05-27 22:11:00,2016-05-27 22:14:00,Business,Kilarney Woods,Kildaire Farms,1.7,Errand/Supplies,22,27,5,Friday,4,3.0
386,2016-05-28 00:15:00,2016-05-28 00:21:00,Business,Kilarney Woods,Whitebridge,4.7,Errand/Supplies,0,28,5,Saturday,5,6.0
387,2016-05-28 12:52:00,2016-05-28 13:06:00,Business,Cary,Morrisville,6.1,Meal/Entertain,12,28,5,Saturday,5,14.0
388,2016-05-28 14:35:00,2016-05-28 15:04:00,Business,Morrisville,Cary,11.3,Customer Visit,14,28,5,Saturday,5,29.0
389,2016-05-31 13:54:00,2016-05-31 14:41:00,Business,Cary,Raleigh,14.9,Meeting,13,31,5,Tuesday,1,47.0
390,2016-05-31 16:02:00,2016-05-31 16:39:00,Business,Raleigh,Cary,14.0,Meeting,16,31,5,Tuesday,1,37.0
392,2016-06-01 10:19:00,2016-06-01 10:47:00,Business,Cary,Morrisville,6.7,Customer Visit,10,1,6,Wednesday,2,28.0
393,2016-06-01 13:10:00,2016-06-01 13:39:00,Business,Morrisville,Cary,9.6,Meeting,13,1,6,Wednesday,2,29.0
394,2016-06-03 11:29:00,2016-06-03 11:49:00,Business,Cary,Durham,10.4,Meeting,11,3,6,Friday,4,20.0
395,2016-06-03 13:08:00,2016-06-03 13:38:00,Business,Durham,Cary,9.9,Meeting,13,3,6,Friday,4,30.0
396,2016-06-03 15:31:00,2016-06-03 15:54:00,Business,Cary,Morrisville,6.0,Meal/Entertain,15,3,6,Friday,4,23.0
397,2016-06-03 18:14:00,2016-06-03 18:29:00,Business,Townes at Everett Crossing,Chessington,3.3,Errand/Supplies,18,3,6,Friday,4,15.0
398,2016-06-03 18:41:00,2016-06-03 18:53:00,Business,Morrisville,Cary,3.1,Errand/Supplies,18,3,6,Friday,4,12.0
399,2016-06-03 19:36:00,2016-06-03 19:42:00,Business,Huntington Woods,Weston,1.7,Errand/Supplies,19,3,6,Friday,4,6.0
400,2016-06-03 22:47:00,2016-06-03 23:06:00,Business,Morrisville,Cary,4.0,Between Offices,22,3,6,Friday,4,19.0
401,2016-06-05 14:03:00,2016-06-05 14:33:00,Business,Whitebridge,Savon Height,7.8,Customer Visit,14,5,6,Sunday,6,30.0
402,2016-06-05 15:06:00,2016-06-05 15:22:00,Business,Cary,Morrisville,7.8,Customer Visit,15,5,6,Sunday,6,16.0
403,2016-06-05 15:57:00,2016-06-05 16:08:00,Business,Weston,Weston,3.8,Meal/Entertain,15,5,6,Sunday,6,11.0
404,2016-06-05 18:05:00,2016-06-05 18:14:00,Business,Morrisville,Cary,2.5,Meal/Entertain,18,5,6,Sunday,6,9.0
405,2016-06-05 21:53:00,2016-06-05 22:05:00,Business,Cary,Durham,9.9,Meeting,21,5,6,Sunday,6,12.0
406,2016-06-05 23:52:00,2016-06-06 00:08:00,Business,Durham,Cary,9.9,Meeting,23,5,6,Sunday,6,16.0
407,2016-06-06 15:36:00,2016-06-06 15:45:00,Business,Whitebridge,Hazelwood,3.0,Errand/Supplies,15,6,6,Monday,0,9.0
408,2016-06-06 16:16:00,2016-06-06 16:24:00,Business,Hazelwood,Whitebridge,2.4,Errand/Supplies,16,6,6,Monday,0,8.0
409,2016-06-06 20:06:00,2016-06-06 20:20:00,Business,Cary,Apex,5.7,Meal/Entertain,20,6,6,Monday,0,14.0
410,2016-06-06 21:08:00,2016-06-06 21:37:00,Business,Apex,Cary,7.2,Meal/Entertain,21,6,6,Monday,0,29.0
411,2016-06-06 21:41:00,2016-06-06 22:00:00,Business,Cary,Durham,10.4,Meeting,21,6,6,Monday,0,19.0
412,2016-06-06 23:34:00,2016-06-06 23:48:00,Business,Durham,Cary,9.9,Meeting,23,6,6,Monday,0,14.0
413,2016-06-07 21:42:00,2016-06-07 22:00:00,Business,Cary,Durham,10.4,Meeting,21,7,6,Tuesday,1,18.0
414,2016-06-07 23:41:00,2016-06-08 00:04:00,Business,Durham,Cary,9.9,Meeting,23,7,6,Tuesday,1,23.0
415,2016-06-08 08:23:00,2016-06-08 08:53:00,Business,Cary,Morrisville,8.7,Meal/Entertain,8,8,6,Wednesday,2,30.0
416,2016-06-08 12:04:00,2016-06-08 13:01:00,Business,Jamaica,New York,22.3,Errand/Supplies,12,8,6,Wednesday,2,57.0
417,2016-06-08 13:12:00,2016-06-08 13:29:00,Business,Seaport,Gramercy-Flatiron,3.3,Meal/Entertain,13,8,6,Wednesday,2,17.0
418,2016-06-08 14:31:00,2016-06-08 14:37:00,Business,Medical Centre,Tudor City,0.7,Errand/Supplies,14,8,6,Wednesday,2,6.0
419,2016-06-08 16:55:00,2016-06-08 17:11:00,Business,Rose Hill,Soho,2.5,Meal/Entertain,16,8,6,Wednesday,2,16.0
420,2016-06-08 17:16:00,2016-06-08 17:18:00,Business,Soho,Tribeca,0.5,Errand/Supplies,17,8,6,Wednesday,2,2.0
421,2016-06-08 17:59:00,2016-06-08 18:05:00,Business,Tribeca,Financial District,0.9,Errand/Supplies,17,8,6,Wednesday,2,6.0
422,2016-06-08 20:11:00,2016-06-08 20:25:00,Business,Financial District,Kips Bay,4.8,Errand/Supplies,20,8,6,Wednesday,2,14.0
423,2016-06-10 15:19:00,2016-06-10 16:28:00,Business,New York,Jamaica,16.3,Meeting,15,10,6,Friday,4,69.0
424,2016-06-10 21:47:00,2016-06-10 22:04:00,Business,Cary,Durham,10.4,Meeting,21,10,6,Friday,4,17.0
425,2016-06-10 23:53:00,2016-06-11 00:01:00,Business,Durham,Cary,9.9,Meeting,23,10,6,Friday,4,8.0
426,2016-06-11 17:08:00,2016-06-11 17:16:00,Business,Cary,Morrisville,3.7,Errand/Supplies,17,11,6,Saturday,5,8.0
427,2016-06-11 17:34:00,2016-06-11 17:39:00,Business,Morrisville,Cary,4.6,Meal/Entertain,17,11,6,Saturday,5,5.0
429,2016-06-11 21:45:00,2016-06-11 22:04:00,Business,Cary,Durham,10.4,Meeting,21,11,6,Saturday,5,19.0
430,2016-06-11 23:39:00,2016-06-12 00:05:00,Business,Durham,Cary,9.9,Meeting,23,11,6,Saturday,5,26.0
431,2016-06-12 19:53:00,2016-06-12 19:56:00,Business,Cary,Morrisville,2.5,Meal/Entertain,19,12,6,Sunday,6,3.0
432,2016-06-12 20:05:00,2016-06-12 20:16:00,Business,Morrisville,Cary,4.3,Errand/Supplies,20,12,6,Sunday,6,11.0
433,2016-06-12 21:58:00,2016-06-12 22:19:00,Business,Parkway,Whitebridge,2.8,Errand/Supplies,21,12,6,Sunday,6,21.0
434,2016-06-13 05:23:00,2016-06-13 05:42:00,Business,Cary,Morrisville,8.4,Meal/Entertain,5,13,6,Monday,0,19.0
435,2016-06-13 14:17:00,2016-06-13 14:46:00,Business,Oakland,Emeryville,13.2,Meeting,14,13,6,Monday,0,29.0
436,2016-06-13 18:08:00,2016-06-13 18:47:00,Business,Emeryville,Berkeley,3.9,Meal/Entertain,18,13,6,Monday,0,39.0
437,2016-06-13 18:54:00,2016-06-13 19:23:00,Business,Berkeley,Oakland,5.1,Meal/Entertain,18,13,6,Monday,0,29.0
438,2016-06-13 20:00:00,2016-06-13 20:05:00,Business,Oakland,Unknown Location,5.2,Customer Visit,20,13,6,Monday,0,5.0
440,2016-06-14 16:09:00,2016-06-14 16:39:00,Business,San Francisco,Emeryville,11.6,Meeting,16,14,6,Tuesday,1,30.0
441,2016-06-14 17:15:00,2016-06-14 17:24:00,Business,Emeryville,Oakland,5.1,Meeting,17,14,6,Tuesday,1,9.0
442,2016-06-14 17:27:00,2016-06-14 17:57:00,Business,Downtown,Bay Farm Island,9.3,Errand/Supplies,17,14,6,Tuesday,1,30.0
443,2016-06-15 01:46:00,2016-06-15 02:06:00,Business,Kenner,New Orleans,12.4,Between Offices,1,15,6,Wednesday,2,20.0
444,2016-06-15 15:26:00,2016-06-15 15:34:00,Business,CBD,Lower Garden District,1.9,Between Offices,15,15,6,Wednesday,2,8.0
445,2016-06-15 16:37:00,2016-06-15 17:02:00,Business,Lower Garden District,Lakeview,6.4,Customer Visit,16,15,6,Wednesday,2,25.0
447,2016-06-15 19:52:00,2016-06-15 19:58:00,Business,Storyville,Faubourg Marigny,1.5,Meal/Entertain,19,15,6,Wednesday,2,6.0
458,2016-06-21 17:11:00,2016-06-21 18:02:00,Business,Raleigh,Cary,16.6,Meal/Entertain,17,21,6,Tuesday,1,51.0
459,2016-06-24 10:41:00,2016-06-24 10:57:00,Business,Whitebridge,Waverly Place,7.1,Meal/Entertain,10,24,6,Friday,4,16.0
460,2016-06-24 11:54:00,2016-06-24 12:01:00,Business,Waverly Place,Macgregor Downs,2.1,Meal/Entertain,11,24,6,Friday,4,7.0
461,2016-06-24 12:19:00,2016-06-24 12:37:00,Business,Cary,Raleigh,8.6,Errand/Supplies,12,24,6,Friday,4,18.0
462,2016-06-24 12:50:00,2016-06-24 13:12:00,Business,Raleigh,Morrisville,9.0,Errand/Supplies,12,24,6,Friday,4,22.0
463,2016-06-24 13:18:00,2016-06-24 13:27:00,Business,Morrisville,Cary,3.1,Errand/Supplies,13,24,6,Friday,4,9.0
464,2016-06-24 14:01:00,2016-06-24 14:20:00,Business,Cary,Morrisville,8.4,Temporary Site,14,24,6,Friday,4,19.0
467,2016-06-25 09:15:00,2016-06-25 10:08:00,Business,New Orleans,Chalmette,11.8,Between Offices,9,25,6,Saturday,5,53.0
468,2016-06-25 10:18:00,2016-06-25 10:25:00,Business,Chalmette,Arabi,1.1,Errand/Supplies,10,25,6,Saturday,5,7.0
469,2016-06-25 10:50:00,2016-06-25 11:18:00,Business,Arabi,Metairie,17.0,Meal/Entertain,10,25,6,Saturday,5,28.0
470,2016-06-25 11:25:00,2016-06-25 11:34:00,Business,Pontchartrain Shores,Pontchartrain Shores,1.7,Meeting,11,25,6,Saturday,5,9.0
471,2016-06-25 11:53:00,2016-06-25 13:21:00,Business,Metairie,New Orleans,15.5,Meeting,11,25,6,Saturday,5,88.0
474,2016-06-26 17:43:00,2016-06-26 18:18:00,Business,New Orleans,Kenner,12.6,Meeting,17,26,6,Sunday,6,35.0
489,2016-06-28 00:48:00,2016-06-28 01:05:00,Business,Morrisville,Cary,8.2,Customer Visit,0,28,6,Tuesday,1,17.0
490,2016-06-28 20:13:00,2016-06-28 20:33:00,Business,Cary,Durham,10.4,Meeting,20,28,6,Tuesday,1,20.0
491,2016-06-28 23:34:00,2016-06-28 23:59:00,Business,Durham,Cary,9.9,Meeting,23,28,6,Tuesday,1,25.0
492,2016-06-28 23:34:00,2016-06-28 23:59:00,Business,Durham,Cary,9.9,Meeting,23,28,6,Tuesday,1,25.0
497,2016-06-29 20:11:00,2016-06-29 20:29:00,Business,Cary,Durham,10.4,Meeting,20,29,6,Wednesday,2,18.0
498,2016-06-29 23:38:00,2016-06-30 00:00:00,Business,Durham,Cary,9.9,Meeting,23,29,6,Wednesday,2,22.0
499,2016-06-30 20:09:00,2016-06-30 20:26:00,Business,Cary,Durham,9.9,Meeting,20,30,6,Thursday,3,17.0
500,2016-07-01 00:00:00,2016-07-01 00:25:00,Business,Durham,Cary,9.9,Meeting,0,1,7,Friday,4,25.0
501,2016-07-01 09:34:00,2016-07-01 09:57:00,Business,Cary,Raleigh,13.3,Meeting,9,1,7,Friday,4,23.0
502,2016-07-01 12:36:00,2016-07-01 13:00:00,Business,Raleigh,Cary,11.3,Meeting,12,1,7,Friday,4,24.0
503,2016-07-01 20:06:00,2016-07-01 20:24:00,Business,Cary,Durham,10.5,Meeting,20,1,7,Friday,4,18.0
504,2016-07-01 23:48:00,2016-07-02 00:09:00,Business,Durham,Cary,9.9,Meeting,23,1,7,Friday,4,21.0
505,2016-07-02 20:18:00,2016-07-02 20:36:00,Business,Cary,Durham,10.1,Meeting,20,2,7,Saturday,5,18.0
506,2016-07-02 23:48:00,2016-07-03 00:12:00,Business,Durham,Cary,9.9,Meeting,23,2,7,Saturday,5,24.0
507,2016-07-03 00:28:00,2016-07-03 00:38:00,Business,Cary,Morrisville,3.1,Errand/Supplies,0,3,7,Sunday,6,10.0
508,2016-07-03 03:02:00,2016-07-03 03:08:00,Business,Morrisville,Cary,3.1,Errand/Supplies,3,3,7,Sunday,6,6.0
509,2016-07-03 20:00:00,2016-07-03 20:18:00,Business,Cary,Durham,9.9,Meeting,20,3,7,Sunday,6,18.0
510,2016-07-04 00:32:00,2016-07-04 00:47:00,Business,Durham,Cary,9.9,Meeting,0,4,7,Monday,0,15.0
511,2016-07-04 17:31:00,2016-07-04 17:49:00,Business,Whitebridge,Summerwinds,8.8,Meeting,17,4,7,Monday,0,18.0
512,2016-07-04 18:23:00,2016-07-04 18:49:00,Business,Summerwinds,Whitebridge,8.7,Temporary Site,18,4,7,Monday,0,26.0
513,2016-07-04 20:00:00,2016-07-04 20:17:00,Business,Cary,Durham,11.8,Meeting,20,4,7,Monday,0,17.0
514,2016-07-05 00:00:00,2016-07-05 00:05:00,Business,Parkwood,Parkwood,1.2,Errand/Supplies,0,5,7,Tuesday,1,5.0
515,2016-07-05 00:08:00,2016-07-05 00:28:00,Business,Durham,Cary,9.9,Meeting,0,5,7,Tuesday,1,20.0
516,2016-07-05 16:48:00,2016-07-05 16:52:00,Business,Whitebridge,Whitebridge,0.6,Errand/Supplies,16,5,7,Tuesday,1,4.0
519,2016-07-06 00:33:00,2016-07-06 00:53:00,Business,Morrisville,Cary,6.3,Meal/Entertain,0,6,7,Wednesday,2,20.0
520,2016-07-06 09:06:00,2016-07-06 09:25:00,Business,Cary,Durham,9.9,Meeting,9,6,7,Wednesday,2,19.0
522,2016-07-06 20:04:00,2016-07-06 20:14:00,Business,Cary,Morrisville,3.3,Meal/Entertain,20,6,7,Wednesday,2,10.0
523,2016-07-06 23:46:00,2016-07-06 23:59:00,Business,Morrisville,Cary,3.1,Customer Visit,23,6,7,Wednesday,2,13.0
524,2016-07-07 08:22:00,2016-07-07 08:50:00,Business,Cary,Morrisville,7.9,Temporary Site,8,7,7,Thursday,3,28.0
545,2016-07-14 16:03:00,2016-07-14 16:34:00,Business,Morrisville,Morrisville,11.8,Errand/Supplies,16,14,7,Thursday,3,31.0
557,2016-07-16 22:50:00,2016-07-16 23:03:00,Business,Banner Elk,Banner Elk,4.4,Errand/Supplies,22,16,7,Saturday,5,13.0
558,2016-07-17 11:23:00,2016-07-17 11:50:00,Personal,Banner Elk,Boone,15.1,Charity ($),11,17,7,Sunday,6,27.0
559,2016-07-17 12:20:00,2016-07-17 15:25:00,Personal,Boone,Cary,180.2,Commute,12,17,7,Sunday,6,185.0
560,2016-07-18 10:37:00,2016-07-18 10:49:00,Personal,Cary,Morrisville,4.1,Moving,10,18,7,Monday,0,12.0
561,2016-07-18 10:54:00,2016-07-18 11:15:00,Personal,Morrisville,Cary,6.1,Moving,10,18,7,Monday,0,21.0
562,2016-07-18 11:25:00,2016-07-18 11:36:00,Personal,Northwoods,Preston,3.3,Moving,11,18,7,Monday,0,11.0
563,2016-07-18 11:40:00,2016-07-18 11:56:00,Personal,Preston,Whitebridge,4.7,Moving,11,18,7,Monday,0,16.0
564,2016-07-18 17:12:00,2016-07-18 17:33:00,Business,Cary,Apex,7.2,Meeting,17,18,7,Monday,0,21.0
565,2016-07-18 18:32:00,2016-07-18 18:47:00,Business,Apex,Cary,5.5,Meal/Entertain,18,18,7,Monday,0,15.0
566,2016-07-18 19:07:00,2016-07-18 19:14:00,Business,Cary,Morrisville,3.3,Meal/Entertain,19,18,7,Monday,0,7.0
567,2016-07-18 20:28:00,2016-07-18 20:32:00,Business,Hazelwood,Weston,0.9,Errand/Supplies,20,18,7,Monday,0,4.0
568,2016-07-18 21:11:00,2016-07-18 21:19:00,Business,Morrisville,Cary,3.8,Meal/Entertain,21,18,7,Monday,0,8.0
569,2016-07-19 10:35:00,2016-07-19 10:51:00,Business,Whitebridge,Stonewater,6.4,Customer Visit,10,19,7,Tuesday,1,16.0
570,2016-07-19 10:56:00,2016-07-19 11:11:00,Business,Stonewater,Lexington Park at Amberly,3.0,Meeting,10,19,7,Tuesday,1,15.0
571,2016-07-19 11:30:00,2016-07-19 12:00:00,Business,Lexington Park at Amberly,Whitebridge,8.7,Meal/Entertain,11,19,7,Tuesday,1,30.0
572,2016-07-19 17:14:00,2016-07-19 17:24:00,Business,Whitebridge,Chessington,3.9,Errand/Supplies,17,19,7,Tuesday,1,10.0
585,2016-07-22 13:21:00,2016-07-22 13:42:00,Business,Durham,Cary,9.9,Meeting,13,22,7,Friday,4,21.0
586,2016-07-22 14:27:00,2016-07-22 14:43:00,Business,Cary,Morrisville,6.1,Meal/Entertain,14,22,7,Friday,4,16.0
593,2016-07-23 20:17:00,2016-07-23 20:33:00,Business,Cary,Durham,10.4,Meeting,20,23,7,Saturday,5,16.0
594,2016-07-23 23:18:00,2016-07-23 23:43:00,Business,Durham,Cary,9.9,Meeting,23,23,7,Saturday,5,25.0
601,2016-07-26 20:52:00,2016-07-26 21:00:00,Business,Cary,Morrisville,2.5,Meal/Entertain,20,26,7,Tuesday,1,8.0
602,2016-07-26 22:31:00,2016-07-26 22:39:00,Business,Morrisville,Cary,2.5,Meal/Entertain,22,26,7,Tuesday,1,8.0
608,2016-07-29 17:27:00,2016-07-29 17:45:00,Business,Westpark Place,Whitebridge,2.2,Meal/Entertain,17,29,7,Friday,4,18.0
620,2016-08-02 08:11:00,2016-08-02 08:32:00,Business,Cary,Morrisville,8.4,Meeting,8,2,8,Tuesday,1,21.0
633,2016-08-07 17:28:00,2016-08-07 17:43:00,Business,Edgehill Farms,Whitebridge,2.7,Customer Visit,17,7,8,Sunday,6,15.0
635,2016-08-07 20:15:00,2016-08-07 20:23:00,Business,Morrisville,Cary,2.5,Meal/Entertain,20,7,8,Sunday,6,8.0
638,2016-08-08 17:02:00,2016-08-08 17:13:00,Business,Edgehill Farms,Whitebridge,2.7,Customer Visit,17,8,8,Monday,0,11.0
640,2016-08-08 23:28:00,2016-08-08 23:37:00,Business,Morrisville,Cary,3.2,Customer Visit,23,8,8,Monday,0,9.0
655,2016-08-13 15:35:00,2016-08-13 15:58:00,Business,Cary,Morrisville,8.4,Meeting,15,13,8,Saturday,5,23.0
659,2016-08-15 19:08:00,2016-08-15 20:30:00,Business,Unknown Location,Unknown Location,25.9,Temporary Site,19,15,8,Monday,0,82.0
665,2016-08-16 11:47:00,2016-08-16 12:03:00,Business,Islamabad,Unknown Location,5.7,Temporary Site,11,16,8,Tuesday,1,16.0
674,2016-08-17 18:38:00,2016-08-17 18:57:00,Business,Unknown Location,Unknown Location,7.7,Temporary Site,18,17,8,Wednesday,2,19.0
675,2016-08-18 18:40:00,2016-08-18 19:07:00,Business,Unknown Location,Unknown Location,7.6,Temporary Site,18,18,8,Thursday,3,27.0
683,2016-08-21 10:00:00,2016-08-21 10:29:00,Business,Unknown Location,Unknown Location,7.6,Airport/Travel,10,21,8,Sunday,6,29.0
735,2016-08-29 14:49:00,2016-08-29 15:04:00,Business,Islamabad,Unknown Location,5.7,Temporary Site,14,29,8,Monday,0,15.0
800,2016-10-09 14:04:00,2016-10-09 14:23:00,Business,Unknown Location,Unknown Location,7.7,Temporary Site,14,9,10,Sunday,6,19.0
803,2016-10-11 01:27:00,2016-10-11 02:08:00,Business,Unknown Location,R?walpindi,17.1,Meeting,1,11,10,Tuesday,1,41.0
813,2016-10-14 23:54:00,2016-10-15 02:06:00,Business,Unknown Location,R?walpindi,17.0,Meeting,23,14,10,Friday,4,132.0
816,2016-10-16 12:52:00,2016-10-16 13:11:00,Business,Cary,Durham,10.5,Meeting,12,16,10,Sunday,6,19.0
819,2016-10-16 19:27:00,2016-10-16 19:33:00,Business,Whitebridge,Parkway,2.1,Meeting,19,16,10,Sunday,6,6.0
821,2016-10-16 21:34:00,2016-10-16 21:41:00,Business,Morrisville,Cary,2.5,Meal/Entertain,21,16,10,Sunday,6,7.0
829,2016-10-18 10:41:00,2016-10-18 11:09:00,Business,Cary,Morrisville,7.9,Temporary Site,10,18,10,Tuesday,1,28.0
849,2016-10-23 19:04:00,2016-10-23 19:14:00,Business,Cary,Morrisville,3.1,Meal/Entertain,19,23,10,Sunday,6,10.0
850,2016-10-23 21:10:00,2016-10-23 21:25:00,Business,Morrisville,Cary,3.1,Customer Visit,21,23,10,Sunday,6,15.0
857,2016-10-25 20:00:00,2016-10-25 20:11:00,Business,Whitebridge,Savon Height,3.6,Meal/Entertain,20,25,10,Tuesday,1,11.0
859,2016-10-25 22:24:00,2016-10-25 22:45:00,Business,Parkway,Whitebridge,8.7,Errand/Supplies,22,25,10,Tuesday,1,21.0
860,2016-10-26 19:25:00,2016-10-26 19:31:00,Business,Whitebridge,Parkway,2.1,Meeting,19,26,10,Wednesday,2,6.0
862,2016-10-27 18:51:00,2016-10-27 19:16:00,Business,Cary,Morrisville,8.4,Meeting,18,27,10,Thursday,3,25.0
867,2016-10-28 11:34:00,2016-10-28 11:52:00,Business,Cary,Durham,10.4,Meeting,11,28,10,Friday,4,18.0
868,2016-10-28 13:06:00,2016-10-28 13:36:00,Business,Durham,Cary,9.9,Meeting,13,28,10,Friday,4,30.0
869,2016-10-28 15:53:00,2016-10-28 17:59:00,Business,Cary,Winston Salem,107.0,Meeting,15,28,10,Friday,4,126.0
870,2016-10-28 18:13:00,2016-10-28 20:07:00,Business,Winston Salem,Asheville,133.6,Meeting,18,28,10,Friday,4,114.0
871,2016-10-28 20:13:00,2016-10-28 22:00:00,Business,Asheville,Topton,91.8,Meeting,20,28,10,Friday,4,107.0
872,2016-10-29 15:22:00,2016-10-29 17:05:00,Business,Topton,Hayesville,40.7,Meeting,15,29,10,Saturday,5,103.0
886,2016-10-31 21:45:00,2016-10-31 22:10:00,Business,Savon Height,Whitebridge,9.6,Errand/Supplies,21,31,10,Monday,0,25.0
892,2016-11-01 20:41:00,2016-11-01 20:55:00,Business,Whitebridge,Whitebridge,4.2,Meal/Entertain,20,1,11,Tuesday,1,14.0
895,2016-11-02 16:46:00,2016-11-02 17:11:00,Business,Cary,Morrisville,8.5,Meeting,16,2,11,Wednesday,2,25.0
902,2016-11-03 18:51:00,2016-11-03 19:08:00,Business,Cary,Morrisville,3.1,Meal/Entertain,18,3,11,Thursday,3,17.0
903,2016-11-03 22:46:00,2016-11-03 22:58:00,Business,Morrisville,Cary,3.1,Customer Visit,22,3,11,Thursday,3,12.0
904,2016-11-04 10:02:00,2016-11-04 10:18:00,Business,Cary,Morrisville,7.9,Temporary Site,10,4,11,Friday,4,16.0
912,2016-11-06 16:05:00,2016-11-06 16:22:00,Business,Renaissance,Agnew,2.8,Meeting,16,6,11,Sunday,6,17.0
913,2016-11-06 16:27:00,2016-11-06 17:28:00,Business,Santa Clara,Berkeley,43.9,Customer Visit,16,6,11,Sunday,6,61.0
916,2016-11-07 12:28:00,2016-11-07 12:57:00,Business,Berkeley,San Francisco,11.8,Between Offices,12,7,11,Monday,0,29.0
917,2016-11-07 19:17:00,2016-11-07 19:57:00,Business,San Francisco,Berkeley,13.2,Between Offices,19,7,11,Monday,0,40.0
918,2016-11-08 10:29:00,2016-11-08 10:57:00,Business,Berkeley,San Francisco,12.2,Between Offices,10,8,11,Tuesday,1,28.0
919,2016-11-08 12:16:00,2016-11-08 12:49:00,Business,San Francisco,Berkeley,11.3,Meeting,12,8,11,Tuesday,1,33.0
926,2016-11-09 18:21:00,2016-11-09 18:35:00,Business,Ingleside,Potrero Flats,5.5,Meeting,18,9,11,Wednesday,2,14.0
927,2016-11-09 18:40:00,2016-11-09 19:17:00,Business,San Francisco,Oakland,12.7,Customer Visit,18,9,11,Wednesday,2,37.0
930,2016-11-10 09:46:00,2016-11-10 10:15:00,Business,Berkeley,San Francisco,12.6,Temporary Site,9,10,11,Thursday,3,29.0
933,2016-11-10 15:17:00,2016-11-10 15:22:00,Business,San Francisco,Oakland,9.9,Temporary Site,15,10,11,Thursday,3,5.0
934,2016-11-10 15:30:00,2016-11-10 15:53:00,Business,Oakland,Berkeley,6.0,Meeting,15,10,11,Thursday,3,23.0
936,2016-11-11 09:35:00,2016-11-11 10:23:00,Business,Berkeley,Menlo Park,45.9,Customer Visit,9,11,11,Friday,4,48.0
939,2016-11-11 14:39:00,2016-11-11 15:46:00,Business,Menlo Park,Berkeley,36.6,Customer Visit,14,11,11,Friday,4,67.0
946,2016-11-12 14:22:00,2016-11-12 14:53:00,Business,West Berkeley,South,5.9,Meeting,14,12,11,Saturday,5,31.0
949,2016-11-12 15:40:00,2016-11-12 15:59:00,Business,Emeryville,Berkeley,3.7,Errand/Supplies,15,12,11,Saturday,5,19.0
954,2016-11-13 12:22:00,2016-11-13 12:51:00,Business,West Berkeley,Southside,4.0,Meeting,12,13,11,Sunday,6,29.0
960,2016-11-14 11:24:00,2016-11-14 12:13:00,Business,Berkeley,Mountain View,44.6,Customer Visit,11,14,11,Monday,0,49.0
961,2016-11-14 13:40:00,2016-11-14 14:33:00,Business,Mountain View,Berkeley,43.6,Customer Visit,13,14,11,Monday,0,53.0
963,2016-11-14 20:19:00,2016-11-14 20:30:00,Business,Emeryville,Berkeley,3.7,Errand/Supplies,20,14,11,Monday,0,11.0
965,2016-11-15 14:09:00,2016-11-15 14:26:00,Business,Oakland,San Francisco,9.7,Temporary Site,14,15,11,Tuesday,1,17.0
966,2016-11-15 20:44:00,2016-11-15 21:00:00,Business,San Francisco,Berkeley,11.8,Temporary Site,20,15,11,Tuesday,1,16.0
967,2016-11-16 20:21:00,2016-11-16 20:27:00,Business,Berkeley,El Cerrito,2.3,Temporary Site,20,16,11,Wednesday,2,6.0
968,2016-11-16 22:52:00,2016-11-16 23:02:00,Business,El Cerrito,Berkeley,3.1,Meal/Entertain,22,16,11,Wednesday,2,10.0
969,2016-11-17 10:13:00,2016-11-17 10:44:00,Business,Berkeley,Oakland,16.3,Customer Visit,10,17,11,Thursday,3,31.0
970,2016-11-18 20:09:00,2016-11-18 20:19:00,Business,Cary,Morrisville,3.1,Meal/Entertain,20,18,11,Friday,4,10.0
971,2016-11-18 21:23:00,2016-11-18 21:34:00,Business,Morrisville,Cary,5.2,Meal/Entertain,21,18,11,Friday,4,11.0
972,2016-11-18 21:56:00,2016-11-18 22:21:00,Business,Krendle Woods,Whitebridge,6.1,Meeting,21,18,11,Friday,4,25.0
973,2016-11-19 13:51:00,2016-11-19 14:10:00,Business,Cary,Durham,10.3,Meeting,13,19,11,Saturday,5,19.0
974,2016-11-19 14:30:00,2016-11-19 14:51:00,Business,Durham,Cary,10.5,Meeting,14,19,11,Saturday,5,21.0
977,2016-11-19 17:41:00,2016-11-19 17:54:00,Business,Cary,Apex,5.4,Errand/Supplies,17,19,11,Saturday,5,13.0
978,2016-11-19 21:14:00,2016-11-19 21:35:00,Business,Apex,Cary,5.4,Customer Visit,21,19,11,Saturday,5,21.0
979,2016-11-20 10:27:00,2016-11-20 11:32:00,Business,Cary,Cary,39.2,Between Offices,10,20,11,Sunday,6,65.0
980,2016-11-20 11:58:00,2016-11-20 12:28:00,Business,Cary,Cary,6.4,Customer Visit,11,20,11,Sunday,6,30.0
981,2016-11-20 14:58:00,2016-11-20 15:07:00,Business,Cary,Cary,2.7,Meeting,14,20,11,Sunday,6,9.0
982,2016-11-20 17:45:00,2016-11-20 18:37:00,Business,Cary,Cary,18.5,Errand/Supplies,17,20,11,Sunday,6,52.0
983,2016-11-21 13:37:00,2016-11-21 13:49:00,Business,Cary,Cary,2.5,Meal/Entertain,13,21,11,Monday,0,12.0
984,2016-11-21 14:34:00,2016-11-21 14:44:00,Business,Cary,Cary,2.1,Meal/Entertain,14,21,11,Monday,0,10.0
985,2016-11-21 17:50:00,2016-11-21 18:04:00,Business,Cary,Unknown Location,6.7,Errand/Supplies,17,21,11,Monday,0,14.0
986,2016-11-21 18:18:00,2016-11-21 18:27:00,Business,Unknown Location,Morrisville,3.5,Meal/Entertain,18,21,11,Monday,0,9.0
987,2016-11-21 18:43:00,2016-11-21 18:51:00,Business,Morrisville,Cary,3.4,Errand/Supplies,18,21,11,Monday,0,8.0
988,2016-11-22 15:12:00,2016-11-22 15:27:00,Business,Cary,Cary,5.5,Meeting,15,22,11,Tuesday,1,15.0
989,2016-11-22 15:31:00,2016-11-22 15:44:00,Business,Cary,Cary,4.1,Meeting,15,22,11,Tuesday,1,13.0
990,2016-11-22 15:51:00,2016-11-22 16:43:00,Business,Cary,Cary,12.7,Customer Visit,15,22,11,Tuesday,1,52.0
991,2016-11-22 18:18:00,2016-11-22 18:28:00,Business,Cary,Morrisville,3.0,Meal/Entertain,18,22,11,Tuesday,1,10.0
992,2016-11-22 21:02:00,2016-11-22 21:14:00,Business,Morrisville,Cary,3.5,Customer Visit,21,22,11,Tuesday,1,12.0
993,2016-11-23 15:34:00,2016-11-23 15:50:00,Business,Cary,Cary,5.9,Meal/Entertain,15,23,11,Wednesday,2,16.0
997,2016-11-25 11:47:00,2016-11-25 12:04:00,Business,Cary,Durham,10.3,Meeting,11,25,11,Friday,4,17.0
998,2016-11-25 13:13:00,2016-11-25 13:31:00,Business,Durham,Cary,11.1,Meeting,13,25,11,Friday,4,18.0
1000,2016-11-26 17:00:00,2016-11-26 17:12:00,Business,Cary,Apex,5.1,Meeting,17,26,11,Saturday,5,12.0
1001,2016-11-26 17:36:00,2016-11-26 17:56:00,Business,Apex,Holly Springs,9.0,Meeting,17,26,11,Saturday,5,20.0
1002,2016-11-26 18:29:00,2016-11-26 19:04:00,Business,Holly Springs,Cary,13.3,Between Offices,18,26,11,Saturday,5,35.0
1003,2016-11-26 19:47:00,2016-11-26 19:54:00,Business,Cary,Cary,2.5,Errand/Supplies,19,26,11,Saturday,5,7.0
1004,2016-11-27 15:59:00,2016-11-27 16:06:00,Business,Cary,Morrisville,3.3,Meal/Entertain,15,27,11,Sunday,6,7.0
1006,2016-11-30 11:03:00,2016-11-30 11:34:00,Business,Cary,Raleigh,8.5,Customer Visit,11,30,11,Wednesday,2,31.0
1007,2016-11-30 11:53:00,2016-11-30 12:35:00,Business,Raleigh,Morrisville,6.7,Temporary Site,11,30,11,Wednesday,2,42.0
1009,2016-12-01 07:44:00,2016-12-01 07:59:00,Business,Cary,Cary,5.5,Meeting,7,1,12,Thursday,3,15.0
1010,2016-12-01 08:37:00,2016-12-01 08:53:00,Business,Cary,Cary,5.5,Errand/Supplies,8,1,12,Thursday,3,16.0
1011,2016-12-01 18:00:00,2016-12-01 18:12:00,Business,Cary,Morrisville,2.9,Meal/Entertain,18,1,12,Thursday,3,12.0
1012,2016-12-01 20:36:00,2016-12-01 20:46:00,Business,Morrisville,Cary,2.9,Customer Visit,20,1,12,Thursday,3,10.0
1013,2016-12-02 12:12:00,2016-12-02 12:23:00,Business,Cary,Apex,5.1,Meal/Entertain,12,2,12,Friday,4,11.0
1014,2016-12-02 13:07:00,2016-12-02 13:22:00,Business,Apex,Cary,5.3,Customer Visit,13,2,12,Friday,4,15.0
1015,2016-12-02 20:41:00,2016-12-02 20:48:00,Business,Cary,Morrisville,3.3,Meal/Entertain,20,2,12,Friday,4,7.0
1016,2016-12-02 22:59:00,2016-12-02 23:07:00,Business,Morrisville,Cary,3.0,Customer Visit,22,2,12,Friday,4,8.0
1017,2016-12-03 18:35:00,2016-12-03 18:56:00,Business,Cary,Wake Co.,6.6,Errand/Supplies,18,3,12,Saturday,5,21.0
1019,2016-12-03 20:31:00,2016-12-03 20:41:00,Business,Morrisville,Cary,3.0,Customer Visit,20,3,12,Saturday,5,10.0
1020,2016-12-04 18:56:00,2016-12-04 19:03:00,Business,Cary,Morrisville,2.9,Meal/Entertain,18,4,12,Sunday,6,7.0
1021,2016-12-04 20:23:00,2016-12-04 20:34:00,Business,Morrisville,Cary,3.4,Customer Visit,20,4,12,Sunday,6,11.0
1023,2016-12-05 19:22:00,2016-12-05 19:37:00,Business,Cary,Cary,3.8,Meal/Entertain,19,5,12,Monday,0,15.0
1024,2016-12-07 12:03:00,2016-12-07 12:32:00,Business,Cary,Cary,6.6,Meeting,12,7,12,Wednesday,2,29.0
1025,2016-12-07 12:35:00,2016-12-07 12:46:00,Business,Cary,Cary,4.0,Meeting,12,7,12,Wednesday,2,11.0
1026,2016-12-07 19:53:00,2016-12-07 20:13:00,Business,Cary,Cary,7.0,Customer Visit,19,7,12,Wednesday,2,20.0
1027,2016-12-07 21:13:00,2016-12-07 21:50:00,Business,Cary,Cary,6.9,Meal/Entertain,21,7,12,Wednesday,2,37.0
1028,2016-12-08 14:19:00,2016-12-08 14:32:00,Business,Cary,Cary,3.4,Errand/Supplies,14,8,12,Thursday,3,13.0
1029,2016-12-08 14:53:00,2016-12-08 15:02:00,Business,Cary,Cary,3.4,Errand/Supplies,14,8,12,Thursday,3,9.0
1030,2016-12-08 19:22:00,2016-12-08 19:27:00,Business,Cary,Cary,2.0,Meeting,19,8,12,Thursday,3,5.0
1031,2016-12-08 21:26:00,2016-12-08 21:31:00,Business,Cary,Cary,2.0,Errand/Supplies,21,8,12,Thursday,3,5.0
1032,2016-12-09 12:09:00,2016-12-09 12:24:00,Business,Cary,Apex,5.1,Errand/Supplies,12,9,12,Friday,4,15.0
1033,2016-12-09 13:15:00,2016-12-09 13:43:00,Business,Apex,Cary,8.8,Temporary Site,13,9,12,Friday,4,28.0
1034,2016-12-09 20:11:00,2016-12-09 20:34:00,Business,Cary,Cary,5.6,Meeting,20,9,12,Friday,4,23.0
1035,2016-12-09 22:03:00,2016-12-09 22:57:00,Business,Cary,Cary,18.9,Customer Visit,22,9,12,Friday,4,54.0
1036,2016-12-10 12:43:00,2016-12-10 13:16:00,Business,Cary,Fuquay-Varina,15.6,Meeting,12,10,12,Saturday,5,33.0
1037,2016-12-10 14:42:00,2016-12-10 15:18:00,Business,Fuquay-Varina,Cary,15.6,Errand/Supplies,14,10,12,Saturday,5,36.0
1038,2016-12-10 18:17:00,2016-12-10 18:27:00,Business,Cary,Morrisville,3.0,Meal/Entertain,18,10,12,Saturday,5,10.0
1039,2016-12-10 22:09:00,2016-12-10 22:21:00,Business,Morrisville,Cary,3.1,Customer Visit,22,10,12,Saturday,5,12.0
1040,2016-12-11 16:06:00,2016-12-11 16:16:00,Business,Cary,Morrisville,3.0,Meal/Entertain,16,11,12,Sunday,6,10.0
1041,2016-12-11 19:05:00,2016-12-11 19:15:00,Business,Morrisville,Cary,4.8,Errand/Supplies,19,11,12,Sunday,6,10.0
1042,2016-12-11 21:48:00,2016-12-11 21:56:00,Business,Cary,Cary,2.1,Errand/Supplies,21,11,12,Sunday,6,8.0
1043,2016-12-12 13:22:00,2016-12-12 13:32:00,Business,Cary,Cary,3.1,Errand/Supplies,13,12,12,Monday,0,10.0
1044,2016-12-12 13:36:00,2016-12-12 13:51:00,Business,Cary,Apex,4.4,Meal/Entertain,13,12,12,Monday,0,15.0
1045,2016-12-12 14:26:00,2016-12-12 14:39:00,Business,Apex,Cary,4.7,Customer Visit,14,12,12,Monday,0,13.0
1046,2016-12-12 17:51:00,2016-12-12 18:01:00,Business,Cary,Morrisville,3.0,Meal/Entertain,17,12,12,Monday,0,10.0
1047,2016-12-12 20:48:00,2016-12-12 20:57:00,Business,Morrisville,Cary,3.0,Customer Visit,20,12,12,Monday,0,9.0
1048,2016-12-13 18:19:00,2016-12-13 18:29:00,Business,Cary,Cary,4.2,Errand/Supplies,18,13,12,Tuesday,1,10.0
1049,2016-12-13 20:20:00,2016-12-13 20:29:00,Business,Cary,Cary,4.1,Meal/Entertain,20,13,12,Tuesday,1,9.0
1052,2016-12-14 17:50:00,2016-12-14 18:00:00,Business,Cary,Morrisville,3.0,Meal/Entertain,17,14,12,Wednesday,2,10.0
1053,2016-12-14 20:24:00,2016-12-14 20:40:00,Business,Morrisville,Cary,3.1,Customer Visit,20,14,12,Wednesday,2,16.0
1054,2016-12-15 14:20:00,2016-12-15 14:54:00,Business,Cary,Morrisville,10.6,Meeting,14,15,12,Thursday,3,34.0
1055,2016-12-17 15:38:00,2016-12-17 16:12:00,Business,Unknown Location,Unknown Location,4.8,Airport/Travel,15,17,12,Saturday,5,34.0
1056,2016-12-17 17:19:00,2016-12-17 17:59:00,Business,Unknown Location,Unknown Location,5.3,Temporary Site,17,17,12,Saturday,5,40.0
1057,2016-12-18 13:03:00,2016-12-18 13:41:00,Business,Unknown Location,Unknown Location,4.9,Errand/Supplies,13,18,12,Sunday,6,38.0
1058,2016-12-18 16:38:00,2016-12-18 17:25:00,Business,Unknown Location,Unknown Location,10.2,Errand/Supplies,16,18,12,Sunday,6,47.0
1060,2016-12-19 09:08:00,2016-12-19 09:36:00,Business,Unknown Location,Islamabad,7.7,Errand/Supplies,9,19,12,Monday,0,28.0
1061,2016-12-19 10:15:00,2016-12-19 10:34:00,Business,Islamabad,Rawalpindi,5.9,Temporary Site,10,19,12,Monday,0,19.0
1062,2016-12-19 13:04:00,2016-12-19 13:08:00,Business,Rawalpindi,Unknown Location,0.7,Errand/Supplies,13,19,12,Monday,0,4.0
1067,2016-12-19 15:09:00,2016-12-19 15:38:00,Business,Unknown Location,Rawalpindi,10.2,Customer Visit,15,19,12,Monday,0,29.0
1068,2016-12-19 16:50:00,2016-12-19 17:09:00,Business,Rawalpindi,Islamabad,7.2,Customer Visit,16,19,12,Monday,0,19.0
1070,2016-12-19 19:55:00,2016-12-19 20:30:00,Business,Unknown Location,Unknown Location,11.0,Meeting,19,19,12,Monday,0,35.0
1072,2016-12-20 10:30:00,2016-12-20 10:48:00,Business,Rawalpindi,Rawalpindi,3.3,Errand/Supplies,10,20,12,Tuesday,1,18.0
1073,2016-12-20 11:30:00,2016-12-20 12:17:00,Business,Rawalpindi,Unknown Location,19.4,Meeting,11,20,12,Tuesday,1,47.0
1074,2016-12-20 13:14:00,2016-12-20 13:20:00,Business,Unknown Location,Unknown Location,1.7,Errand/Supplies,13,20,12,Tuesday,1,6.0
1075,2016-12-20 13:54:00,2016-12-20 14:17:00,Business,Unknown Location,Islamabad,5.7,Temporary Site,13,20,12,Tuesday,1,23.0
1076,2016-12-20 16:14:00,2016-12-20 16:24:00,Business,Islamabad,Islamabad,1.8,Errand/Supplies,16,20,12,Tuesday,1,10.0
1077,2016-12-20 16:56:00,2016-12-20 17:07:00,Business,Islamabad,Islamabad,1.4,Errand/Supplies,16,20,12,Tuesday,1,11.0
1078,2016-12-20 18:47:00,2016-12-20 19:21:00,Business,Islamabad,Unknown Location,10.3,Customer Visit,18,20,12,Tuesday,1,34.0
1079,2016-12-21 07:42:00,2016-12-21 08:10:00,Business,Unknown Location,Unknown Location,11.5,Meeting,7,21,12,Wednesday,2,28.0
1080,2016-12-21 10:14:00,2016-12-21 10:30:00,Business,Unknown Location,Islamabad,4.9,Errand/Supplies,10,21,12,Wednesday,2,16.0
1081,2016-12-21 11:35:00,2016-12-21 11:49:00,Business,Islamabad,Unknown Location,3.5,Meal/Entertain,11,21,12,Wednesday,2,14.0
1082,2016-12-21 12:51:00,2016-12-21 13:33:00,Business,Unknown Location,Unknown Location,16.2,Meeting,12,21,12,Wednesday,2,42.0
1083,2016-12-21 15:38:00,2016-12-21 15:49:00,Business,Unknown Location,Unknown Location,2.0,Errand/Supplies,15,21,12,Wednesday,2,11.0
1084,2016-12-21 15:55:00,2016-12-21 16:05:00,Business,Unknown Location,Islamabad,2.1,Errand/Supplies,15,21,12,Wednesday,2,10.0
1085,2016-12-21 17:45:00,2016-12-21 17:54:00,Business,Islamabad,Islamabad,2.1,Meeting,17,21,12,Wednesday,2,9.0
1086,2016-12-21 17:59:00,2016-12-21 18:31:00,Business,Islamabad,Unknown Location,7.2,Customer Visit,17,21,12,Wednesday,2,32.0
1087,2016-12-21 19:49:00,2016-12-21 20:35:00,Business,Unknown Location,Rawalpindi,12.0,Meeting,19,21,12,Wednesday,2,46.0
1088,2016-12-21 20:56:00,2016-12-21 23:42:00,Business,Rawalpindi,Unknown Location,103.0,Meeting,20,21,12,Wednesday,2,166.0
1089,2016-12-22 15:40:00,2016-12-22 16:38:00,Business,Unknown Location,Unknown Location,32.3,Meeting,15,22,12,Thursday,3,58.0
1090,2016-12-22 17:04:00,2016-12-22 17:20:00,Business,Unknown Location,Unknown Location,5.3,Customer Visit,17,22,12,Thursday,3,16.0
1091,2016-12-22 17:27:00,2016-12-22 17:53:00,Business,Unknown Location,Unknown Location,11.6,Meeting,17,22,12,Thursday,3,26.0
1092,2016-12-22 17:56:00,2016-12-22 18:29:00,Business,Unknown Location,Unknown Location,23.2,Meeting,17,22,12,Thursday,3,33.0
1093,2016-12-22 18:31:00,2016-12-22 18:37:00,Business,Unknown Location,Unknown Location,3.2,Errand/Supplies,18,22,12,Thursday,3,6.0
1094,2016-12-22 18:38:00,2016-12-22 18:47:00,Business,Unknown Location,Unknown Location,12.3,Temporary Site,18,22,12,Thursday,3,9.0
1095,2016-12-22 19:04:00,2016-12-22 19:50:00,Business,Unknown Location,Lahore,14.0,Meeting,19,22,12,Thursday,3,46.0
1096,2016-12-22 21:41:00,2016-12-22 21:53:00,Business,Lahore,Lahore,2.1,Meal/Entertain,21,22,12,Thursday,3,12.0
1097,2016-12-22 23:27:00,2016-12-22 23:32:00,Business,Lahore,Lahore,2.1,Customer Visit,23,22,12,Thursday,3,5.0
1098,2016-12-23 09:21:00,2016-12-23 09:41:00,Business,Lahore,Lahore,3.0,Meeting,9,23,12,Friday,4,20.0
1099,2016-12-23 11:33:00,2016-12-23 11:58:00,Business,Lahore,Unknown Location,6.2,Meeting,11,23,12,Friday,4,25.0
1100,2016-12-23 14:15:00,2016-12-23 15:25:00,Business,Unknown Location,Unknown Location,9.6,Meeting,14,23,12,Friday,4,70.0
1101,2016-12-23 16:23:00,2016-12-23 16:34:00,Business,Unknown Location,Unknown Location,1.3,Errand/Supplies,16,23,12,Friday,4,11.0
1102,2016-12-23 17:34:00,2016-12-23 18:27:00,Business,Unknown Location,Lahore,7.1,Meal/Entertain,17,23,12,Friday,4,53.0
1103,2016-12-24 07:43:00,2016-12-24 08:04:00,Business,Lahore,Unknown Location,6.3,Meal/Entertain,7,24,12,Saturday,5,21.0
1104,2016-12-24 09:19:00,2016-12-24 09:55:00,Business,Unknown Location,Lahore,10.7,Meal/Entertain,9,24,12,Saturday,5,36.0
1105,2016-12-24 10:34:00,2016-12-24 10:53:00,Business,Lahore,Lahore,5.3,Meal/Entertain,10,24,12,Saturday,5,19.0
1106,2016-12-24 12:51:00,2016-12-24 12:53:00,Business,Lahore,Lahore,1.6,Errand/Supplies,12,24,12,Saturday,5,2.0
1107,2016-12-24 13:08:00,2016-12-24 13:29:00,Business,Lahore,Lahore,3.6,Errand/Supplies,13,24,12,Saturday,5,21.0
1108,2016-12-24 17:12:00,2016-12-24 17:27:00,Business,Lahore,Lahore,1.7,Errand/Supplies,17,24,12,Saturday,5,15.0
1109,2016-12-24 19:12:00,2016-12-24 19:27:00,Business,Lahore,Lahore,2.9,Meal/Entertain,19,24,12,Saturday,5,15.0
1110,2016-12-24 22:04:00,2016-12-24 22:09:00,Business,Lahore,Lahore,0.6,Errand/Supplies,22,24,12,Saturday,5,5.0
1111,2016-12-25 00:10:00,2016-12-25 00:14:00,Business,Lahore,Lahore,0.6,Errand/Supplies,0,25,12,Sunday,6,4.0
1112,2016-12-25 19:15:00,2016-12-25 19:26:00,Business,Lahore,Lahore,2.3,Meal/Entertain,19,25,12,Sunday,6,11.0
1113,2016-12-25 21:58:00,2016-12-25 22:04:00,Business,Lahore,Lahore,2.3,Meal/Entertain,21,25,12,Sunday,6,6.0
1114,2016-12-26 08:30:00,2016-12-26 08:41:00,Business,Lahore,Lahore,3.2,Meal/Entertain,8,26,12,Monday,0,11.0
1115,2016-12-26 09:05:00,2016-12-26 09:19:00,Business,Lahore,Lahore,6.2,Customer Visit,9,26,12,Monday,0,14.0
1116,2016-12-26 10:15:00,2016-12-26 10:36:00,Business,Lahore,Lahore,7.7,Customer Visit,10,26,12,Monday,0,21.0
1117,2016-12-26 11:29:00,2016-12-26 11:42:00,Business,Lahore,Lahore,3.8,Customer Visit,11,26,12,Monday,0,13.0
1118,2016-12-26 13:09:00,2016-12-26 13:43:00,Business,Lahore,Unknown Location,7.9,Meeting,13,26,12,Monday,0,34.0
1119,2016-12-27 07:02:00,2016-12-27 07:14:00,Business,Kar?chi,Kar?chi,4.9,Temporary Site,7,27,12,Tuesday,1,12.0
1120,2016-12-27 08:37:00,2016-12-27 08:59:00,Business,Kar?chi,Kar?chi,5.0,Meal/Entertain,8,27,12,Tuesday,1,22.0
1121,2016-12-27 12:53:00,2016-12-27 12:57:00,Business,Kar?chi,Kar?chi,0.6,Meal/Entertain,12,27,12,Tuesday,1,4.0
1122,2016-12-27 14:49:00,2016-12-27 15:03:00,Business,Kar?chi,Unknown Location,3.1,Customer Visit,14,27,12,Tuesday,1,14.0
1123,2016-12-27 16:34:00,2016-12-27 16:58:00,Business,Unknown Location,Kar?chi,7.9,Meeting,16,27,12,Tuesday,1,24.0
1124,2016-12-27 19:19:00,2016-12-27 19:50:00,Business,Kar?chi,Kar?chi,5.5,Customer Visit,19,27,12,Tuesday,1,31.0
1125,2016-12-28 08:34:00,2016-12-28 09:06:00,Business,Kar?chi,Unknown Location,10.3,Meal/Entertain,8,28,12,Wednesday,2,32.0
1126,2016-12-28 11:42:00,2016-12-28 12:12:00,Business,Unknown Location,Kar?chi,10.4,Errand/Supplies,11,28,12,Wednesday,2,30.0
1127,2016-12-28 13:53:00,2016-12-28 14:01:00,Business,Kar?chi,Kar?chi,2.0,Errand/Supplies,13,28,12,Wednesday,2,8.0
1128,2016-12-28 15:04:00,2016-12-28 15:39:00,Business,Kar?chi,Unknown Location,8.5,Meal/Entertain,15,28,12,Wednesday,2,35.0
1129,2016-12-28 17:02:00,2016-12-28 17:16:00,Business,Unknown Location,Kar?chi,4.4,Errand/Supplies,17,28,12,Wednesday,2,14.0
1130,2016-12-28 18:33:00,2016-12-28 18:56:00,Business,Kar?chi,Kar?chi,3.8,Errand/Supplies,18,28,12,Wednesday,2,23.0
1131,2016-12-28 22:44:00,2016-12-28 23:18:00,Business,Kar?chi,Kar?chi,5.1,Errand/Supplies,22,28,12,Wednesday,2,34.0
1132,2016-12-29 00:49:00,2016-12-29 01:06:00,Business,Kar?chi,Kar?chi,3.8,Errand/Supplies,0,29,12,Thursday,3,17.0
1133,2016-12-29 09:44:00,2016-12-29 10:07:00,Business,Kar?chi,Unknown Location,11.6,Meal/Entertain,9,29,12,Thursday,3,23.0
1134,2016-12-29 11:28:00,2016-12-29 12:00:00,Business,Unknown Location,Kar?chi,11.9,Meal/Entertain,11,29,12,Thursday,3,32.0
1135,2016-12-29 12:25:00,2016-12-29 12:33:00,Business,Kar?chi,Kar?chi,1.4,Errand/Supplies,12,29,12,Thursday,3,8.0
1136,2016-12-29 13:17:00,2016-12-29 13:24:00,Business,Kar?chi,Kar?chi,1.1,Errand/Supplies,13,29,12,Thursday,3,7.0
1137,2016-12-29 13:56:00,2016-12-29 14:11:00,Business,Kar?chi,Kar?chi,4.1,Airport/Travel,13,29,12,Thursday,3,15.0
1138,2016-12-29 14:42:00,2016-12-29 14:58:00,Business,Kar?chi,Kar?chi,6.1,Between Offices,14,29,12,Thursday,3,16.0
1139,2016-12-29 15:05:00,2016-12-29 15:16:00,Business,Kar?chi,Kar?chi,1.3,Errand/Supplies,15,29,12,Thursday,3,11.0
1140,2016-12-29 18:59:00,2016-12-29 19:14:00,Business,Kar?chi,Unknown Location,3.0,Meal/Entertain,18,29,12,Thursday,3,15.0
1141,2016-12-29 19:50:00,2016-12-29 20:10:00,Business,Unknown Location,Kar?chi,4.1,Customer Visit,19,29,12,Thursday,3,20.0
1142,2016-12-29 20:15:00,2016-12-29 20:45:00,Business,Kar?chi,Kar?chi,7.2,Meeting,20,29,12,Thursday,3,30.0
1144,2016-12-29 23:14:00,2016-12-29 23:47:00,Business,Unknown Location,Kar?chi,12.9,Meeting,23,29,12,Thursday,3,33.0
1145,2016-12-30 10:15:00,2016-12-30 10:33:00,Business,Kar?chi,Kar?chi,2.8,Errand/Supplies,10,30,12,Friday,4,18.0
1146,2016-12-30 11:31:00,2016-12-30 11:56:00,Business,Kar?chi,Kar?chi,2.9,Errand/Supplies,11,30,12,Friday,4,25.0
1147,2016-12-30 15:41:00,2016-12-30 16:03:00,Business,Kar?chi,Kar?chi,4.6,Errand/Supplies,15,30,12,Friday,4,22.0
1148,2016-12-30 16:45:00,2016-12-30 17:08:00,Business,Kar?chi,Kar?chi,4.6,Meeting,16,30,12,Friday,4,23.0
1149,2016-12-30 23:06:00,2016-12-30 23:10:00,Business,Kar?chi,Kar?chi,0.8,Customer Visit,23,30,12,Friday,4,4.0
1150,2016-12-31 01:07:00,2016-12-31 01:14:00,Business,Kar?chi,Kar?chi,0.7,Meeting,1,31,12,Saturday,5,7.0
1151,2016-12-31 13:24:00,2016-12-31 13:42:00,Business,Kar?chi,Unknown Location,3.9,Temporary Site,13,31,12,Saturday,5,18.0
1152,2016-12-31 15:03:00,2016-12-31 15:38:00,Business,Unknown Location,Unknown Location,16.2,Meeting,15,31,12,Saturday,5,35.0
1153,2016-12-31 21:32:00,2016-12-31 21:50:00,Business,Katunayake,Gampaha,6.4,Temporary Site,21,31,12,Saturday,5,18.0
1154,2016-12-31 22:08:00,2016-12-31 23:51:00,Business,Gampaha,Ilukwatta,48.2,Temporary Site,22,31,12,Saturday,5,103.0
